filename,class_id,score,xmin,ymin,xmax,ymax
Line 2_CNav_7500_35500_8000_36000.jpg,1,0.5383297204971313,180,323,398,332
Line 2_CNav_7500_35500_8000_36000.jpg,1,0.5125173330307007,176,319,347,329
Line 2_CNav_8000_21500_8500_22000.jpg,1,0.546184778213501,92,73,264,83
Line 2_CNav_3500_34000_4000_34500.jpg,1,0.6035743355751038,178,400,498,415
Line 2_CNav_3500_34000_4000_34500.jpg,1,0.5588371753692627,164,403,366,413
Line 2_CNav_3500_34000_4000_34500.jpg,1,0.5514342188835144,0,258,416,301
Line 2_CNav_3500_34000_4000_34500.jpg,1,0.5454744100570679,184,1,493,17
Line 2_CNav_3500_34000_4000_34500.jpg,1,0.5247244238853455,206,266,493,299
Line 2_CNav_4500_6500_5000_7000.jpg,1,0.5144074559211731,97,48,255,59
Line 2_CNav_8500_34000_9000_34500.jpg,1,0.5193459987640381,225,44,396,55
Line 2_CNav_8500_34500_9000_35000.jpg,1,0.6035640835762024,25,352,393,365
Line 2_CNav_8500_34500_9000_35000.jpg,1,0.5313767790794373,127,369,389,378
Line 2_CNav_8500_34500_9000_35000.jpg,1,0.5153310894966125,55,361,461,374
Line 2_CNav_8500_34500_9000_35000.jpg,1,0.5133454203605652,36,336,492,380
Line 2_CNav_9908_2000_10408_2500.jpg,1,0.5205204486846924,281,424,452,434
Line 2_CNav_9908_2000_10408_2500.jpg,1,0.5027395486831665,156,14,382,22
Line 2_CNav_8500_43500_9000_44000.jpg,1,0.5132006406784058,173,393,367,401
Line 2_CNav_4000_36000_4500_36500.jpg,1,0.5704719424247742,131,13,342,22
Line 2_CNav_4000_36000_4500_36500.jpg,1,0.5424811840057373,164,11,411,20
Line 2_CNav_1000_7000_1500_7500.jpg,1,0.5129568576812744,0,498,146,500
Line 2_CNav_9908_36000_10408_36500.jpg,1,0.5063785314559937,131,114,287,125
Line 2_CNav_9500_38000_10000_38500.jpg,1,0.5464411973953247,70,7,277,15
Line 2_CNav_9500_42000_10000_42500.jpg,1,0.5485965013504028,37,92,291,100
Line 2_CNav_9500_42000_10000_42500.jpg,1,0.5367987155914307,43,22,492,66
Line 2_CNav_3500_6500_4000_7000.jpg,1,0.6716616749763489,5,161,432,174
Line 2_CNav_3500_6500_4000_7000.jpg,1,0.6187686324119568,62,167,334,176
Line 2_CNav_3500_6500_4000_7000.jpg,1,0.6186923980712891,65,165,399,173
Line 2_CNav_3500_6500_4000_7000.jpg,1,0.6111036539077759,12,166,440,178
Line 2_CNav_3500_6500_4000_7000.jpg,1,0.5907906889915466,68,162,383,170
Line 2_CNav_3500_6500_4000_7000.jpg,1,0.5291745662689209,77,170,328,179
Line 2_CNav_6000_38000_6500_38500.jpg,1,0.561308741569519,121,371,312,380
Line 2_CNav_8000_44500_8500_45000.jpg,1,0.6394513249397278,12,339,390,352
Line 2_CNav_8000_44500_8500_45000.jpg,1,0.6027529239654541,22,342,318,357
Line 2_CNav_8000_44500_8500_45000.jpg,1,0.597611665725708,78,343,350,351
Line 2_CNav_8000_44500_8500_45000.jpg,1,0.5757270455360413,81,346,343,354
Line 2_CNav_8000_44500_8500_45000.jpg,1,0.5176811814308167,61,349,307,357
Line 2_CNav_1500_33500_2000_34000.jpg,1,0.5588173270225525,201,116,386,125
Line 2_CNav_4000_47000_4500_47500.jpg,1,0.5479070544242859,55,469,450,482
Line 2_CNav_4000_47000_4500_47500.jpg,1,0.5016899704933167,0,387,396,430
Line 2_CNav_8000_33000_8500_33500.jpg,1,0.5410779118537903,0,78,425,121
Line 2_CNav_8000_33000_8500_33500.jpg,1,0.5396161079406738,1,95,294,110
Line 2_CNav_8000_33000_8500_33500.jpg,1,0.5341134667396545,0,103,353,117
Line 2_CNav_9908_39000_10408_39500.jpg,1,0.5081626176834106,32,257,431,270
Line 2_CNav_2000_38000_2500_38500.jpg,1,0.5207517147064209,139,255,398,264
Line 2_CNav_2000_38000_2500_38500.jpg,1,0.5034948587417603,0,248,348,262
Line 2_CNav_500_11500_1000_12000.jpg,1,0.5421662926673889,175,144,342,154
Line 2_CNav_3000_26500_3500_27000.jpg,1,0.5030911564826965,106,294,392,309
Line 2_CNav_8500_10000_9000_10500.jpg,1,0.5389022827148438,132,373,400,388
Line 2_CNav_8500_10000_9000_10500.jpg,1,0.5108166933059692,7,11,366,25
Line 2_CNav_8500_37000_9000_37500.jpg,1,0.5925880074501038,268,44,350,50
Line 2_CNav_8500_37000_9000_37500.jpg,1,0.5810456871986389,238,74,385,86
Line 2_CNav_9500_12500_10000_13000.jpg,1,0.522137463092804,174,354,352,364
Line 2_CNav_1000_14000_1500_14500.jpg,1,0.5473191142082214,226,294,376,303
Line 2_CNav_7500_16000_8000_16500.jpg,1,0.5351525545120239,209,95,396,104
Line 2_CNav_7500_16000_8000_16500.jpg,1,0.502229630947113,206,91,395,99
Line 2_CNav_9000_14000_9500_14500.jpg,1,0.5344035625457764,172,386,405,394
Line 2_CNav_9000_14000_9500_14500.jpg,1,0.5321503281593323,149,389,397,397
Line 2_CNav_500_8000_1000_8500.jpg,1,0.622642993927002,101,9,256,19
Line 2_CNav_500_7500_1000_8000.jpg,1,0.5856186151504517,0,498,123,500
Line 2_CNav_9000_53000_9500_53500.jpg,1,0.5003687739372253,131,48,417,63
Line 2_CNav_9500_37000_10000_37500.jpg,1,0.5502257347106934,151,175,399,183
Line 2_CNav_9500_37000_10000_37500.jpg,1,0.5286884307861328,174,285,359,295
Line 2_CNav_9500_37000_10000_37500.jpg,1,0.5231958031654358,170,289,363,298
Line 2_CNav_9500_37000_10000_37500.jpg,1,0.5062167644500732,129,242,356,250
Line 2_CNav_9500_37000_10000_37500.jpg,1,0.5012748837471008,80,161,495,199
Line 2_CNav_3000_1000_3500_1500.jpg,1,0.5215812921524048,169,413,353,422
Line 2_CNav_3000_1000_3500_1500.jpg,1,0.5197604894638062,165,409,387,417
Line 2_CNav_3000_1000_3500_1500.jpg,1,0.51411372423172,223,105,407,115
Line 2_CNav_3000_1000_3500_1500.jpg,1,0.5074965357780457,138,410,419,424
Line 2_CNav_2000_44500_2500_45000.jpg,1,0.5607194900512695,108,145,382,160
Line 2_CNav_3500_35000_4000_35500.jpg,1,0.5278738141059875,101,8,308,18
Line 2_CNav_6000_17000_6500_17500.jpg,1,0.7022547721862793,466,0,500,33
Line 2_CNav_2000_43000_2500_43500.jpg,1,0.5498766303062439,141,172,372,180
Line 2_CNav_2000_43000_2500_43500.jpg,1,0.5268347859382629,151,352,347,362
Line 2_CNav_2000_43000_2500_43500.jpg,1,0.5027140378952026,150,174,364,182
Line 2_CNav_2000_43000_2500_43500.jpg,1,0.5013419389724731,120,168,386,184
Line 2_CNav_7000_52000_7500_52500.jpg,1,0.6504659056663513,11,38,414,51
Line 2_CNav_7000_52000_7500_52500.jpg,1,0.6212472915649414,0,31,238,67
Line 2_CNav_7000_52000_7500_52500.jpg,1,0.5436611771583557,0,42,319,54
Line 2_CNav_7000_52000_7500_52500.jpg,1,0.5319911241531372,24,25,490,65
Line 2_CNav_7000_52000_7500_52500.jpg,1,0.5231098532676697,102,43,362,52
Line 2_CNav_9000_31000_9500_31500.jpg,1,0.5336334109306335,40,422,379,436
Line 2_CNav_9000_31000_9500_31500.jpg,1,0.5208909511566162,1,199,323,213
Line 2_CNav_9000_31000_9500_31500.jpg,1,0.5139396786689758,1,204,323,218
Line 2_CNav_8000_25500_8500_26000.jpg,1,0.5277739763259888,102,29,281,39
Line 2_CNav_9000_8500_9500_9000.jpg,1,0.5224313139915466,7,304,354,317
Line 2_CNav_9000_8500_9500_9000.jpg,1,0.5072159171104431,65,308,327,316
Line 2_CNav_2500_21500_3000_22000.jpg,1,0.541622519493103,0,67,168,83
Line 2_CNav_2500_21500_3000_22000.jpg,1,0.5199915170669556,0,41,93,91
Line 2_CNav_3500_43000_4000_43500.jpg,1,0.6406092643737793,0,321,328,334
Line 2_CNav_3500_43000_4000_43500.jpg,1,0.6131572723388672,22,326,283,335
Line 2_CNav_3500_43000_4000_43500.jpg,1,0.6077711582183838,192,229,398,237
Line 2_CNav_3500_43000_4000_43500.jpg,1,0.6038185954093933,0,303,426,346
Line 2_CNav_3500_43000_4000_43500.jpg,1,0.5819883346557617,0,326,418,338
Line 2_CNav_3500_43000_4000_43500.jpg,1,0.5665208101272583,166,169,334,179
Line 2_CNav_3500_43000_4000_43500.jpg,1,0.5582461953163147,104,90,277,99
Line 2_CNav_3500_43000_4000_43500.jpg,1,0.5400213599205017,115,328,397,337
Line 2_CNav_3500_43000_4000_43500.jpg,1,0.5263749957084656,1,324,241,333
Line 2_CNav_3500_43000_4000_43500.jpg,1,0.5245041251182556,0,310,242,342
Line 2_CNav_3500_43000_4000_43500.jpg,1,0.514227569103241,274,452,470,461
Line 2_CNav_3500_43000_4000_43500.jpg,1,0.5017839074134827,0,467,264,499
Line 2_CNav_4000_43000_4500_43500.jpg,1,0.5718294382095337,29,396,434,409
Line 2_CNav_4000_43000_4500_43500.jpg,1,0.5562096238136292,0,378,445,421
Line 2_CNav_4000_43000_4500_43500.jpg,1,0.5166506767272949,2,388,281,404
Line 2_CNav_2500_13000_3000_13500.jpg,1,0.5868619084358215,168,274,352,284
Line 2_CNav_2500_13000_3000_13500.jpg,1,0.5383153557777405,166,274,359,278
Line 2_CNav_2500_13000_3000_13500.jpg,1,0.535660445690155,73,32,401,45
Line 2_CNav_2500_13000_3000_13500.jpg,1,0.5229278206825256,163,270,352,279
Line 2_CNav_4500_37500_5000_38000.jpg,1,0.5261671543121338,111,414,338,423
Line 2_CNav_4500_37500_5000_38000.jpg,1,0.5042056441307068,9,310,375,324
Line 2_CNav_5500_38000_6000_38500.jpg,1,0.5036168098449707,153,336,396,354
Line 2_CNav_8500_32500_9000_33000.jpg,1,0.5202035903930664,0,383,300,398
Line 2_CNav_8500_32500_9000_33000.jpg,1,0.5169446468353271,1,378,273,394
Line 2_CNav_8500_32500_9000_33000.jpg,1,0.5065749883651733,63,423,399,437
Line 2_CNav_8500_32500_9000_33000.jpg,1,0.5002621412277222,69,9,342,16
Line 2_CNav_9908_25000_10408_25500.jpg,1,0.5948826670646667,87,46,450,60
Line 2_CNav_9908_25000_10408_25500.jpg,1,0.553257167339325,137,54,397,62
Line 2_CNav_9908_25000_10408_25500.jpg,1,0.5528306365013123,94,188,399,202
Line 2_CNav_9908_25000_10408_25500.jpg,1,0.51591956615448,122,192,316,201
Line 2_CNav_9908_25000_10408_25500.jpg,1,0.5135019421577454,132,50,360,59
Line 2_CNav_3500_43500_4000_44000.jpg,1,0.5839206576347351,0,41,309,53
Line 2_CNav_3500_43500_4000_44000.jpg,1,0.5105286836624146,17,45,262,53
Line 2_CNav_3500_43500_4000_44000.jpg,1,0.5079860091209412,15,42,209,52
Line 2_CNav_9000_1000_9500_1500.jpg,1,0.6036486029624939,112,13,382,29
Line 2_CNav_9000_1000_9500_1500.jpg,1,0.5409899353981018,145,24,393,32
Line 2_CNav_9000_1000_9500_1500.jpg,1,0.5186875462532043,106,23,400,37
Line 2_CNav_9000_1000_9500_1500.jpg,1,0.5079835057258606,127,28,317,37
Line 2_CNav_9908_42000_10408_42500.jpg,1,0.6037428379058838,10,50,418,63
Line 2_CNav_3000_15500_3500_16000.jpg,1,0.5185270309448242,43,55,403,68
Line 2_CNav_3000_15500_3500_16000.jpg,1,0.5142902135848999,5,60,274,76
Line 2_CNav_9908_9500_10408_10000.jpg,1,0.5882861018180847,181,6,397,14
Line 2_CNav_9908_9500_10408_10000.jpg,1,0.5413335561752319,174,395,368,404
Line 2_CNav_4000_41500_4500_42000.jpg,1,0.6122699975967407,0,102,429,147
Line 2_CNav_4000_41500_4500_42000.jpg,1,0.5567370653152466,2,126,440,139
Line 2_CNav_4000_41500_4500_42000.jpg,1,0.538473904132843,144,369,390,378
Line 2_CNav_4000_41500_4500_42000.jpg,1,0.527976393699646,29,369,284,377
Line 2_CNav_4000_41500_4500_42000.jpg,1,0.5225183963775635,109,121,411,129
Line 2_CNav_4000_41500_4500_42000.jpg,1,0.5201139450073242,53,122,431,134
Line 2_CNav_4000_41500_4500_42000.jpg,1,0.5038328766822815,246,74,337,80
Line 2_CNav_4000_41500_4500_42000.jpg,1,0.502677321434021,103,124,378,132
Line 2_CNav_4000_41500_4500_42000.jpg,1,0.5007514953613281,16,366,304,374
Line 2_CNav_4500_2000_5000_2500.jpg,1,0.6473671197891235,76,419,466,433
Line 2_CNav_4500_2000_5000_2500.jpg,1,0.6013428568840027,90,424,381,432
Line 2_CNav_4500_2000_5000_2500.jpg,1,0.541195273399353,90,408,489,442
Line 2_CNav_4500_2000_5000_2500.jpg,1,0.5370331406593323,102,418,374,425
Line 2_CNav_4500_2000_5000_2500.jpg,1,0.5121682286262512,109,426,330,434
Line 2_CNav_4500_2000_5000_2500.jpg,1,0.5077199935913086,93,420,274,430
Line 2_CNav_3500_25500_4000_26000.jpg,1,0.6357855796813965,217,1,481,8
Line 2_CNav_3500_25500_4000_26000.jpg,1,0.5873729586601257,6,379,259,395
Line 2_CNav_3500_25500_4000_26000.jpg,1,0.5823869705200195,181,484,369,493
Line 2_CNav_3500_25500_4000_26000.jpg,1,0.5724377632141113,48,387,272,395
Line 2_CNav_3500_25500_4000_26000.jpg,1,0.5413550138473511,180,431,495,444
Line 2_CNav_3500_25500_4000_26000.jpg,1,0.5402371287345886,39,383,205,393
Line 2_CNav_3500_25500_4000_26000.jpg,1,0.5045790076255798,213,433,390,443
Line 2_CNav_2500_6000_3000_6500.jpg,1,0.5013501644134521,132,13,316,22
Line 2_CNav_4500_49500_5000_50000.jpg,1,0.6059242486953735,150,104,320,114
Line 2_CNav_4500_49500_5000_50000.jpg,1,0.5862575173377991,131,99,414,113
Line 2_CNav_4500_49500_5000_50000.jpg,1,0.5742900967597961,126,104,404,119
Line 2_CNav_4500_49500_5000_50000.jpg,1,0.553098201751709,151,109,317,119
Line 2_CNav_9000_51000_9500_51500.jpg,1,0.515229344367981,0,252,222,280
Line 2_CNav_8500_33500_9000_34000.jpg,1,0.5569196343421936,87,45,427,59
Line 2_CNav_8500_33500_9000_34000.jpg,1,0.553676962852478,211,190,440,199
Line 2_CNav_8500_33500_9000_34000.jpg,1,0.5521658658981323,168,11,407,19
Line 2_CNav_8500_33500_9000_34000.jpg,1,0.5442544221878052,211,185,420,194
Line 2_CNav_8500_33500_9000_34000.jpg,1,0.511208713054657,138,13,366,21
Line 2_CNav_9000_20000_9500_20500.jpg,1,0.5618159770965576,217,408,402,417
Line 2_CNav_9000_20000_9500_20500.jpg,1,0.507877767086029,185,405,358,415
Line 2_CNav_4000_52000_4500_52500.jpg,1,0.5179896950721741,45,138,380,152
Line 2_CNav_6500_31000_7000_31500.jpg,1,0.5272758603096008,215,342,366,353
Line 2_CNav_4000_8500_4500_9000.jpg,1,0.5962069630622864,109,288,386,303
Line 2_CNav_4000_8500_4500_9000.jpg,1,0.5283811092376709,202,372,337,384
Line 2_CNav_2000_42000_2500_42500.jpg,1,0.5657357573509216,115,206,390,222
Line 2_CNav_4000_47500_4500_48000.jpg,1,0.6293647885322571,149,130,489,146
Line 2_CNav_4000_47500_4500_48000.jpg,1,0.5644863247871399,339,213,485,223
Line 2_CNav_4000_47500_4500_48000.jpg,1,0.5640394687652588,134,127,380,136
Line 2_CNav_4000_47500_4500_48000.jpg,1,0.5419469475746155,4,93,402,106
Line 2_CNav_4000_47500_4500_48000.jpg,1,0.5330033302307129,191,63,404,72
Line 2_CNav_4000_47500_4500_48000.jpg,1,0.5324597954750061,130,134,366,143
Line 2_CNav_4000_47500_4500_48000.jpg,1,0.5311541557312012,72,125,409,140
Line 2_CNav_4000_47500_4500_48000.jpg,1,0.5217441916465759,194,392,371,402
Line 2_CNav_6500_15000_7000_15500.jpg,1,0.6237816214561462,106,36,408,52
Line 2_CNav_6500_15000_7000_15500.jpg,1,0.5577129125595093,144,41,370,50
Line 2_CNav_6500_15000_7000_15500.jpg,1,0.5442290306091309,114,42,426,55
Line 2_CNav_6500_15000_7000_15500.jpg,1,0.5362449884414673,136,38,378,47
Line 2_CNav_8500_11000_9000_11500.jpg,1,0.5034266114234924,160,163,392,171
Line 2_CNav_9500_53000_10000_53500.jpg,1,0.5516843199729919,1,150,277,165
Line 2_CNav_9500_53000_10000_53500.jpg,1,0.548700749874115,102,47,357,61
Line 2_CNav_2000_25000_2500_25500.jpg,1,0.5911102294921875,162,195,324,205
Line 2_CNav_2000_25000_2500_25500.jpg,1,0.5729031562805176,217,471,360,482
Line 2_CNav_2000_25000_2500_25500.jpg,1,0.5308706760406494,0,235,76,262
Line 2_CNav_2000_25000_2500_25500.jpg,1,0.5203974843025208,0,219,92,270
Line 2_CNav_8500_0_9000_500.jpg,1,0.5931883454322815,134,328,401,343
Line 2_CNav_8500_0_9000_500.jpg,1,0.5620396137237549,136,405,383,420
Line 2_CNav_8500_0_9000_500.jpg,1,0.5253793001174927,172,355,371,364
Line 2_CNav_9908_38000_10408_38500.jpg,1,0.558630645275116,144,120,393,129
Line 2_CNav_9908_38000_10408_38500.jpg,1,0.5460914373397827,98,14,321,23
Line 2_CNav_9908_38000_10408_38500.jpg,1,0.5017121434211731,110,10,321,19
Line 2_CNav_8000_42500_8500_43000.jpg,1,0.5201317071914673,119,177,363,186
Line 2_CNav_1000_5500_1500_6000.jpg,1,0.5762136578559875,0,362,87,411
Line 2_CNav_1000_5500_1500_6000.jpg,1,0.5397239923477173,242,182,402,193
Line 2_CNav_1000_5500_1500_6000.jpg,1,0.523139476776123,0,391,101,404
Line 2_CNav_8000_47500_8500_48000.jpg,1,0.5103389620780945,157,476,378,485
Line 2_CNav_9000_39000_9500_39500.jpg,1,0.5709446668624878,104,207,425,221
Line 2_CNav_4000_53000_4500_53500.jpg,1,0.5062645673751831,240,39,498,54
Line 2_CNav_9500_46500_10000_47000.jpg,1,0.5007339715957642,99,242,404,257
Line 2_CNav_3000_5000_3500_5500.jpg,1,0.5043928623199463,90,113,371,129
Line 2_CNav_4000_32000_4500_32500.jpg,1,0.5380327701568604,226,252,496,268
Line 2_CNav_4000_26000_4500_26500.jpg,1,0.5219926238059998,186,16,416,25
Line 2_CNav_4500_21000_5000_21500.jpg,1,0.5328884124755859,101,50,258,61
Line 2_CNav_9000_35000_9500_35500.jpg,1,0.5576410889625549,2,395,284,409
Line 2_CNav_2500_40000_3000_40500.jpg,1,0.6836049556732178,128,1,378,10
Line 2_CNav_2500_40000_3000_40500.jpg,1,0.6325085759162903,82,0,454,13
Line 2_CNav_2500_40000_3000_40500.jpg,1,0.6207495927810669,3,151,362,164
Line 2_CNav_2500_40000_3000_40500.jpg,1,0.5501529574394226,57,153,329,161
Line 2_CNav_2500_40000_3000_40500.jpg,1,0.5264644622802734,7,147,365,160
Line 2_CNav_2500_40000_3000_40500.jpg,1,0.5110929012298584,216,104,420,114
Line 2_CNav_2500_40000_3000_40500.jpg,1,0.5099594593048096,91,4,399,10
Line 2_CNav_4500_34500_5000_35000.jpg,1,0.5598483085632324,129,427,425,443
Line 2_CNav_9908_28000_10408_28500.jpg,1,0.5291813015937805,105,18,399,32
Line 2_CNav_1000_51000_1500_51500.jpg,1,0.5030321478843689,57,453,211,463
Line 2_CNav_4500_52000_5000_52500.jpg,1,0.5854147672653198,1,311,333,324
Line 2_CNav_4500_52000_5000_52500.jpg,1,0.5741527676582336,1,306,304,320
Line 2_CNav_4500_52000_5000_52500.jpg,1,0.5002110004425049,54,405,409,419
Line 2_CNav_7000_38000_7500_38500.jpg,1,0.5768192410469055,116,205,286,215
Line 2_CNav_3500_47000_4000_47500.jpg,1,0.5154556632041931,0,313,255,329
Line 2_CNav_3500_47000_4000_47500.jpg,1,0.5080484747886658,91,443,426,456
Line 2_CNav_6000_49000_6500_49500.jpg,1,0.5104948282241821,0,100,78,147
Line 2_CNav_2500_47500_3000_48000.jpg,1,0.6034051775932312,117,3,418,10
Line 2_CNav_2500_47500_3000_48000.jpg,1,0.6025539636611938,138,6,429,13
Line 2_CNav_2500_47500_3000_48000.jpg,1,0.5754508972167969,1,0,311,16
Line 2_CNav_2500_47500_3000_48000.jpg,1,0.572931170463562,41,6,434,20
Line 2_CNav_2500_47500_3000_48000.jpg,1,0.5684843063354492,117,11,382,20
Line 2_CNav_2500_47500_3000_48000.jpg,1,0.5352829098701477,47,11,422,25
Line 2_CNav_2500_47500_3000_48000.jpg,1,0.5222964286804199,41,0,466,34
Line 2_CNav_9908_38500_10408_39000.jpg,1,0.592613697052002,136,133,404,141
Line 2_CNav_9908_38500_10408_39000.jpg,1,0.572498619556427,61,127,438,141
Line 2_CNav_9908_38500_10408_39000.jpg,1,0.535516083240509,39,117,494,160
Line 2_CNav_9908_38500_10408_39000.jpg,1,0.5260242223739624,10,132,377,146
Line 2_CNav_9908_38500_10408_39000.jpg,1,0.5187397003173828,129,136,399,144
Line 2_CNav_8000_15000_8500_15500.jpg,1,0.5970108509063721,159,361,499,375
Line 2_CNav_8000_15000_8500_15500.jpg,1,0.565460205078125,161,366,499,380
Line 2_CNav_2500_41000_3000_41500.jpg,1,0.5120763778686523,4,337,152,369
Line 2_CNav_8000_47000_8500_47500.jpg,1,0.5581731200218201,261,214,498,228
Line 2_CNav_8000_47000_8500_47500.jpg,1,0.5383643507957458,3,387,306,402
Line 2_CNav_3000_52000_3500_52500.jpg,1,0.5442650318145752,121,96,375,105
Line 2_CNav_3000_52000_3500_52500.jpg,1,0.539259672164917,0,91,366,105
Line 2_CNav_3000_52000_3500_52500.jpg,1,0.5267728567123413,139,101,404,110
Line 2_CNav_8000_2000_8500_2500.jpg,1,0.5412253737449646,157,23,325,33
Line 2_CNav_8000_2000_8500_2500.jpg,1,0.527260959148407,219,444,401,454
Line 2_CNav_1500_34000_2000_34500.jpg,1,0.5836976170539856,212,2,397,11
Line 2_CNav_4000_40500_4500_41000.jpg,1,0.5077961683273315,2,209,350,222
Line 2_CNav_4000_15500_4500_16000.jpg,1,0.5542672872543335,1,274,293,288
Line 2_CNav_4000_6000_4500_6500.jpg,1,0.6297009587287903,155,183,394,192
Line 2_CNav_4000_6000_4500_6500.jpg,1,0.5902802348136902,0,179,313,192
Line 2_CNav_4000_6000_4500_6500.jpg,1,0.5270701050758362,28,185,285,193
Line 2_CNav_4000_6000_4500_6500.jpg,1,0.5088381767272949,106,179,472,192
Line 2_CNav_4000_6000_4500_6500.jpg,1,0.5086340308189392,60,119,386,133
Line 2_CNav_3500_49500_4000_50000.jpg,1,0.5771793723106384,183,44,393,54
Line 2_CNav_3500_49500_4000_50000.jpg,1,0.5127915740013123,136,313,402,321
Line 2_CNav_2000_33500_2500_34000.jpg,1,0.6186763644218445,220,0,493,21
Line 2_CNav_2000_33500_2500_34000.jpg,1,0.5300814509391785,96,49,404,63
Line 2_CNav_2000_33500_2500_34000.jpg,1,0.5293153524398804,233,4,448,13
Line 2_CNav_1500_6000_2000_6500.jpg,1,0.5158090591430664,3,129,386,143
Line 2_CNav_1500_6000_2000_6500.jpg,1,0.5131803750991821,0,124,295,137
Line 2_CNav_3500_30000_4000_30500.jpg,1,0.5516402721405029,184,400,497,414
Line 2_CNav_3500_30000_4000_30500.jpg,1,0.5411083102226257,176,10,392,19
Line 2_CNav_8500_26000_9000_26500.jpg,1,0.520962655544281,162,13,380,21
Line 2_CNav_8500_26000_9000_26500.jpg,1,0.5131970643997192,120,9,360,17
Line 2_CNav_8000_48500_8500_49000.jpg,1,0.5224350094795227,260,63,458,72
Line 2_CNav_8000_48500_8500_49000.jpg,1,0.5088931918144226,161,449,497,461
Line 2_CNav_8000_48500_8500_49000.jpg,1,0.5021657943725586,156,35,332,45
Line 2_CNav_4000_8000_4500_8500.jpg,1,0.5217629075050354,174,454,372,462
Line 2_CNav_7000_21500_7500_22000.jpg,1,0.6307801604270935,115,157,341,172
Line 2_CNav_4500_53000_5000_53500.jpg,1,0.5462654232978821,222,43,392,53
Line 2_CNav_4500_53000_5000_53500.jpg,1,0.5258783102035522,236,49,401,58
Line 2_CNav_8500_7000_9000_7500.jpg,1,0.5702866315841675,80,366,327,375
Line 2_CNav_8500_7000_9000_7500.jpg,1,0.5421468019485474,2,108,280,124
Line 2_CNav_8500_7000_9000_7500.jpg,1,0.5372239351272583,77,342,489,378
Line 2_CNav_8500_7000_9000_7500.jpg,1,0.504505455493927,25,361,366,375
Line 2_CNav_9908_41500_10408_42000.jpg,1,0.5094467997550964,203,70,419,79
Line 2_CNav_7000_47500_7500_48000.jpg,1,0.5218808054924011,212,383,495,416
Line 2_CNav_9000_52000_9500_52500.jpg,1,0.6052578091621399,1,65,416,78
Line 2_CNav_9000_52000_9500_52500.jpg,1,0.556108832359314,0,71,380,82
Line 2_CNav_9000_52000_9500_52500.jpg,1,0.5241146087646484,144,306,365,315
Line 2_CNav_9000_52000_9500_52500.jpg,1,0.514812707901001,161,310,374,319
Line 2_CNav_1000_49500_1500_50000.jpg,1,0.5242487192153931,0,498,132,500
Line 2_CNav_9500_41500_10000_42000.jpg,1,0.5785313844680786,85,413,427,426
Line 2_CNav_9500_41500_10000_42000.jpg,1,0.5596499443054199,96,329,393,344
Line 2_CNav_9500_41500_10000_42000.jpg,1,0.5384687185287476,44,2,277,9
Line 2_CNav_9500_41500_10000_42000.jpg,1,0.5259152054786682,93,329,314,338
Line 2_CNav_9500_41500_10000_42000.jpg,1,0.5046972036361694,119,335,325,344
Line 2_CNav_9500_41500_10000_42000.jpg,1,0.5003171563148499,156,73,495,87
Line 2_CNav_1500_37000_2000_37500.jpg,1,0.5205056071281433,96,179,401,193
Line 2_CNav_1500_37000_2000_37500.jpg,1,0.5008524656295776,113,288,387,304
Line 2_CNav_9908_31500_10408_32000.jpg,1,0.5626513361930847,79,119,389,133
Line 2_CNav_9908_31500_10408_32000.jpg,1,0.5434768199920654,141,454,397,462
Line 2_CNav_9908_31500_10408_32000.jpg,1,0.5192563533782959,116,450,468,464
Line 2_CNav_3500_24000_4000_24500.jpg,1,0.5173836946487427,269,412,477,421
Line 2_CNav_3500_24000_4000_24500.jpg,1,0.5132178068161011,260,409,464,417
Line 2_CNav_3500_45000_4000_45500.jpg,1,0.514427661895752,177,158,368,168
Line 2_CNav_9000_33000_9500_33500.jpg,1,0.5231627225875854,135,191,332,200
Line 2_CNav_8500_41000_9000_41500.jpg,1,0.5749494433403015,245,474,498,492
Line 2_CNav_3500_41000_4000_41500.jpg,1,0.5661413669586182,2,273,314,287
Line 2_CNav_3500_41000_4000_41500.jpg,1,0.5508935451507568,188,232,500,246
Line 2_CNav_3500_41000_4000_41500.jpg,1,0.538793683052063,167,286,401,295
Line 2_CNav_3500_41000_4000_41500.jpg,1,0.5279233455657959,224,233,396,244
Line 2_CNav_3500_41000_4000_41500.jpg,1,0.5140999555587769,93,202,390,217
Line 2_CNav_3500_41000_4000_41500.jpg,1,0.5062780976295471,70,210,338,227
Line 2_CNav_7500_34500_8000_35000.jpg,1,0.6873589158058167,71,145,401,157
Line 2_CNav_7500_34500_8000_35000.jpg,1,0.5896264910697937,160,12,333,21
Line 2_CNav_7500_34500_8000_35000.jpg,1,0.5727487206459045,122,162,336,171
Line 2_CNav_7500_34500_8000_35000.jpg,1,0.5350631475448608,133,165,397,173
Line 2_CNav_7500_34500_8000_35000.jpg,1,0.5274190902709961,123,162,476,177
Line 2_CNav_7000_51000_7500_51500.jpg,1,0.5024418830871582,152,228,321,239
Line 2_CNav_2000_36500_2500_37000.jpg,1,0.5012346506118774,210,264,427,273
Line 2_CNav_3500_15500_4000_16000.jpg,1,0.5539272427558899,0,24,377,64
Line 2_CNav_4000_9000_4500_9500.jpg,1,0.5124094486236572,108,165,359,173
Line 2_CNav_6500_46500_7000_47000.jpg,1,0.5557908415794373,244,152,490,180
Line 2_CNav_4500_50500_5000_51000.jpg,1,0.5230180621147156,2,125,276,161
Line 2_CNav_4500_50500_5000_51000.jpg,1,0.5075342655181885,1,136,213,153
Line 2_CNav_4500_50500_5000_51000.jpg,1,0.504932165145874,145,474,406,491
Line 2_CNav_3000_9500_3500_10000.jpg,1,0.6596474051475525,7,288,410,301
Line 2_CNav_3000_9500_3500_10000.jpg,1,0.6304532289505005,104,113,297,123
Line 2_CNav_3000_9500_3500_10000.jpg,1,0.555954098701477,0,291,327,305
Line 2_CNav_3000_9500_3500_10000.jpg,1,0.5472764372825623,133,259,390,274
Line 2_CNav_3000_9500_3500_10000.jpg,1,0.5253262519836426,51,295,305,303
Line 2_CNav_3000_9500_3500_10000.jpg,1,0.521263062953949,0,267,442,310
Line 2_CNav_3000_9500_3500_10000.jpg,1,0.5130180716514587,0,316,208,334
Line 2_CNav_500_38000_1000_38500.jpg,1,0.5284325480461121,124,309,266,320
Line 2_CNav_3000_37000_3500_37500.jpg,1,0.5303837060928345,1,82,327,96
Line 2_CNav_3000_37000_3500_37500.jpg,1,0.5093473196029663,176,217,363,227
Line 2_CNav_8000_48000_8500_48500.jpg,1,0.5033416152000427,32,0,361,16
Line 2_CNav_9908_52000_10408_52500.jpg,1,0.5297120213508606,7,406,390,419
Line 2_CNav_9908_52000_10408_52500.jpg,1,0.5104555487632751,339,0,499,10
Line 2_CNav_1000_44500_1500_45000.jpg,1,0.5582338571548462,0,340,94,392
Line 2_CNav_1000_44500_1500_45000.jpg,1,0.5548567771911621,0,354,84,379
Line 2_CNav_2500_41500_3000_42000.jpg,1,0.529519259929657,1,19,379,62
Line 2_CNav_8500_35000_9000_35500.jpg,1,0.5108529329299927,188,134,378,144
Line 2_CNav_2500_36500_3000_37000.jpg,1,0.5819356441497803,24,460,435,473
Line 2_CNav_2500_36500_3000_37000.jpg,1,0.5230595469474792,55,456,463,469
Line 2_CNav_2500_36500_3000_37000.jpg,1,0.5226205587387085,0,441,336,491
Line 2_CNav_2500_36500_3000_37000.jpg,1,0.5035195350646973,0,452,308,465
Line 2_CNav_7000_47000_7500_47500.jpg,1,0.5353515148162842,83,425,323,434
Line 2_CNav_7000_47000_7500_47500.jpg,1,0.5343947410583496,32,419,359,433
Line 2_CNav_4500_31500_5000_32000.jpg,1,0.5709764361381531,89,408,404,421
Line 2_CNav_1000_16000_1500_16500.jpg,1,0.5623318552970886,0,417,89,468
Line 2_CNav_1000_16000_1500_16500.jpg,1,0.5397323966026306,0,434,68,460
Line 2_CNav_9000_14500_9500_15000.jpg,1,0.5620273351669312,1,329,297,343
Line 2_CNav_4000_46500_4500_47000.jpg,1,0.5705021619796753,12,315,415,327
Line 2_CNav_4000_46500_4500_47000.jpg,1,0.544314444065094,5,310,313,325
Line 2_CNav_8000_35000_8500_35500.jpg,1,0.5393447875976562,18,151,372,164
Line 2_CNav_8000_41500_8500_42000.jpg,1,0.5490723848342896,70,52,308,61
Line 2_CNav_8000_41500_8500_42000.jpg,1,0.5349821448326111,14,291,300,307
Line 2_CNav_8000_41500_8500_42000.jpg,1,0.5239678621292114,98,294,295,304
Line 2_CNav_8500_25500_9000_26000.jpg,1,0.5312038660049438,39,467,396,481
Line 2_CNav_3500_28500_4000_29000.jpg,1,0.5639171600341797,128,146,388,154
Line 2_CNav_3500_28500_4000_29000.jpg,1,0.510271430015564,95,148,351,156
Line 2_CNav_4500_23000_5000_23500.jpg,1,0.5475545525550842,153,246,312,256
Line 2_CNav_8000_3000_8500_3500.jpg,1,0.5939210653305054,158,314,336,323
Line 2_CNav_8000_3000_8500_3500.jpg,1,0.5094044804573059,100,309,351,326
Line 2_CNav_7000_30500_7500_31000.jpg,1,0.5052807927131653,183,404,386,412
Line 2_CNav_8000_5500_8500_6000.jpg,1,0.5189438462257385,77,325,304,334
Line 2_CNav_9908_6000_10408_6500.jpg,1,0.6763011813163757,2,7,385,21
Line 2_CNav_9908_6000_10408_6500.jpg,1,0.6565079689025879,3,3,425,15
Line 2_CNav_9908_6000_10408_6500.jpg,1,0.6349982023239136,0,0,344,30
Line 2_CNav_9908_6000_10408_6500.jpg,1,0.5755141377449036,1,125,334,138
Line 2_CNav_9908_6000_10408_6500.jpg,1,0.5053859353065491,98,7,401,15
Line 2_CNav_4500_41500_5000_42000.jpg,1,0.5117697715759277,1,323,305,339
Line 2_CNav_1500_3500_2000_4000.jpg,1,0.5227731466293335,146,60,396,73
Line 2_CNav_8500_38500_9000_39000.jpg,1,0.5177661776542664,155,147,356,156
Line 2_CNav_3500_33500_4000_34000.jpg,1,0.5105272531509399,1,448,303,463
Line 2_CNav_3500_33500_4000_34000.jpg,1,0.5086525678634644,95,454,489,467
Line 2_CNav_3500_33500_4000_34000.jpg,1,0.5082690715789795,33,429,492,472
Line 2_CNav_3500_33500_4000_34000.jpg,1,0.5071070790290833,142,458,490,473
Line 2_CNav_4500_30500_5000_31000.jpg,1,0.5327339172363281,113,303,404,311
Line 2_CNav_4500_30500_5000_31000.jpg,1,0.52354896068573,147,376,395,384
Line 2_CNav_4500_30500_5000_31000.jpg,1,0.5223191976547241,131,308,391,317
Line 2_CNav_4500_30500_5000_31000.jpg,1,0.5180333852767944,16,298,353,313
Line 2_CNav_4500_30500_5000_31000.jpg,1,0.5121226906776428,166,414,387,423
Line 2_CNav_3000_34500_3500_35000.jpg,1,0.5706086754798889,155,154,403,163
Line 2_CNav_3000_34500_3500_35000.jpg,1,0.5388940572738647,0,431,296,446
Line 2_CNav_3000_34500_3500_35000.jpg,1,0.519686222076416,62,435,269,444
Line 2_CNav_7500_52000_8000_52500.jpg,1,0.5381098985671997,130,198,334,207
Line 2_CNav_9500_7000_10000_7500.jpg,1,0.6222751140594482,112,446,330,455
Line 2_CNav_9500_7000_10000_7500.jpg,1,0.6092250943183899,117,444,386,452
Line 2_CNav_9500_7000_10000_7500.jpg,1,0.5369476079940796,3,99,336,114
Line 2_CNav_9500_7000_10000_7500.jpg,1,0.5176092386245728,7,442,368,455
Line 2_CNav_1000_52500_1500_53000.jpg,1,0.5081928968429565,126,13,397,27
Line 2_CNav_9908_5500_10408_6000.jpg,1,0.5339322090148926,134,418,476,432
Line 2_CNav_9908_5500_10408_6000.jpg,1,0.5067653656005859,150,424,371,433
Line 2_CNav_1500_25000_2000_25500.jpg,1,0.5080819129943848,27,28,392,42
Line 2_CNav_7500_40500_8000_41000.jpg,1,0.6139864921569824,5,179,409,191
Line 2_CNav_7500_40500_8000_41000.jpg,1,0.5700601935386658,47,185,278,194
Line 2_CNav_7500_40500_8000_41000.jpg,1,0.508601188659668,156,185,424,193
Line 2_CNav_7500_40500_8000_41000.jpg,1,0.500069260597229,106,179,393,187
Line 2_CNav_2000_49000_2500_49500.jpg,1,0.5602045059204102,0,320,246,336
Line 2_CNav_7000_39500_7500_40000.jpg,1,0.5098874568939209,163,42,312,53
Line 2_CNav_6500_7000_7000_7500.jpg,1,0.6344461441040039,175,211,490,224
Line 2_CNav_6500_7000_7000_7500.jpg,1,0.5483489036560059,203,214,386,223
Line 2_CNav_1500_52500_2000_53000.jpg,1,0.5136329531669617,141,233,403,249
Line 2_CNav_1500_52500_2000_53000.jpg,1,0.5025606155395508,203,274,494,289
Line 2_CNav_6500_29000_7000_29500.jpg,1,0.5200688242912292,0,498,135,500
Line 2_CNav_3500_29500_4000_30000.jpg,1,0.6054922342300415,16,137,417,150
Line 2_CNav_3500_29500_4000_30000.jpg,1,0.5372945070266724,19,467,421,480
Line 2_CNav_3500_29500_4000_30000.jpg,1,0.525011420249939,2,468,288,486
Line 2_CNav_3500_29500_4000_30000.jpg,1,0.5214948654174805,1,143,391,154
Line 2_CNav_3500_29500_4000_30000.jpg,1,0.5135834813117981,101,474,361,482
Line 2_CNav_3500_29500_4000_30000.jpg,1,0.5132125616073608,47,123,490,165
Line 2_CNav_3500_29500_4000_30000.jpg,1,0.5076054930686951,125,144,404,152
Line 2_CNav_3500_29500_4000_30000.jpg,1,0.5036290287971497,250,323,500,338
Line 2_CNav_3500_29500_4000_30000.jpg,1,0.5031379461288452,64,145,300,154
Line 2_CNav_1500_50000_2000_50500.jpg,1,0.5511177778244019,258,243,413,253
Line 2_CNav_2500_52500_3000_53000.jpg,1,0.5730246901512146,74,403,250,413
Line 2_CNav_2500_52500_3000_53000.jpg,1,0.566942572593689,8,397,260,415
Line 2_CNav_2500_52500_3000_53000.jpg,1,0.5418059229850769,60,405,211,416
Line 2_CNav_2500_52500_3000_53000.jpg,1,0.5249950885772705,10,404,294,418
Line 2_CNav_2500_52500_3000_53000.jpg,1,0.513969361782074,309,154,457,164
Line 2_CNav_2500_52500_3000_53000.jpg,1,0.5090034008026123,203,199,388,208
Line 2_CNav_2500_52500_3000_53000.jpg,1,0.5018566250801086,213,204,391,215
Line 2_CNav_3500_51500_4000_52000.jpg,1,0.592121958732605,232,323,417,333
Line 2_CNav_3500_51500_4000_52000.jpg,1,0.5144665241241455,123,128,391,136
Line 2_CNav_3000_38000_3500_38500.jpg,1,0.550637423992157,21,226,405,239
Line 2_CNav_3000_38000_3500_38500.jpg,1,0.5192317366600037,0,274,363,288
Line 2_CNav_3000_38000_3500_38500.jpg,1,0.5028882622718811,127,327,374,336
Line 2_CNav_7500_42500_8000_43000.jpg,1,0.5960292220115662,2,0,308,29
Line 2_CNav_7500_42500_8000_43000.jpg,1,0.550869345664978,1,0,229,16
Line 2_CNav_7500_42500_8000_43000.jpg,1,0.5157076716423035,34,11,279,19
Line 2_CNav_2500_34000_3000_34500.jpg,1,0.5409005284309387,70,225,301,233
Line 2_CNav_9500_15000_10000_15500.jpg,1,0.5179653763771057,135,182,401,190
Line 2_CNav_9500_15000_10000_15500.jpg,1,0.5157042145729065,104,164,490,196
Line 2_CNav_4000_7000_4500_7500.jpg,1,0.5870955586433411,140,428,382,436
Line 2_CNav_4000_7000_4500_7500.jpg,1,0.5322169661521912,97,425,314,434
Line 2_CNav_4000_7000_4500_7500.jpg,1,0.5263490676879883,115,421,431,435
Line 2_CNav_4000_7000_4500_7500.jpg,1,0.5000817179679871,84,429,271,439
Line 2_CNav_8500_31000_9000_31500.jpg,1,0.5429909229278564,0,372,337,384
Line 2_CNav_8500_31000_9000_31500.jpg,1,0.5296540856361389,107,375,388,383
Line 2_CNav_8500_31000_9000_31500.jpg,1,0.5233343243598938,69,303,273,312
Line 2_CNav_8500_31000_9000_31500.jpg,1,0.520738959312439,60,383,484,395
Line 2_CNav_3500_21000_4000_21500.jpg,1,0.5579456686973572,180,68,343,78
Line 2_CNav_9500_5500_10000_6000.jpg,1,0.5463648438453674,119,427,374,436
Line 2_CNav_9500_5500_10000_6000.jpg,1,0.5084090828895569,142,424,491,437
Line 2_CNav_3000_30000_3500_30500.jpg,1,0.5663291811943054,110,51,347,59
Line 2_CNav_3000_30000_3500_30500.jpg,1,0.5266250967979431,0,229,289,242
Line 2_CNav_3000_30000_3500_30500.jpg,1,0.5189515352249146,0,236,231,265
Line 2_CNav_3000_30000_3500_30500.jpg,1,0.5157202482223511,177,8,369,18
Line 2_CNav_4000_21500_4500_22000.jpg,1,0.5467829704284668,0,154,89,204
Line 2_CNav_3500_45500_4000_46000.jpg,1,0.5145421028137207,118,69,260,80
Line 2_CNav_5500_44000_6000_44500.jpg,1,0.5081109404563904,70,19,378,34
Line 2_CNav_2500_10000_3000_10500.jpg,1,0.578778088092804,216,383,437,392
Line 2_CNav_2500_10000_3000_10500.jpg,1,0.5372722744941711,193,381,493,394
Line 2_CNav_3500_3000_4000_3500.jpg,1,0.5629985332489014,1,284,264,299
Line 2_CNav_7000_33500_7500_34000.jpg,1,0.5526621341705322,86,92,284,101
Line 2_CNav_7000_33500_7500_34000.jpg,1,0.5016288161277771,44,83,494,123
Line 2_CNav_3000_44500_3500_45000.jpg,1,0.5168794989585876,194,369,424,377
Line 2_CNav_3000_44500_3500_45000.jpg,1,0.504845917224884,128,422,406,437
Line 2_CNav_3000_44500_3500_45000.jpg,1,0.501786470413208,174,94,359,103
Line 2_CNav_500_36000_1000_36500.jpg,1,0.5264389514923096,0,294,187,330
Line 2_CNav_500_36000_1000_36500.jpg,1,0.5118187665939331,0,304,95,330
Line 2_CNav_4500_20500_5000_21000.jpg,1,0.5101619958877563,142,388,369,396
Line 2_CNav_4500_20500_5000_21000.jpg,1,0.5081304311752319,94,467,377,482
Line 2_CNav_3500_49000_4000_49500.jpg,1,0.5524479150772095,105,234,294,244
Line 2_CNav_3500_49000_4000_49500.jpg,1,0.521484375,0,461,434,500
Line 2_CNav_3500_49000_4000_49500.jpg,1,0.5031045079231262,50,165,496,209
Line 2_CNav_3500_49000_4000_49500.jpg,1,0.502530038356781,132,467,467,484
Line 2_CNav_3500_40000_4000_40500.jpg,1,0.5057619214057922,75,15,307,23
Line 2_CNav_7500_36000_8000_36500.jpg,1,0.5523530840873718,142,44,326,53
Line 2_CNav_2500_44500_3000_45000.jpg,1,0.6335021257400513,236,191,406,201
Line 2_CNav_2500_44500_3000_45000.jpg,1,0.509700357913971,228,196,405,205
Line 2_CNav_9908_8500_10408_9000.jpg,1,0.5475189685821533,96,439,418,453
Line 2_CNav_9908_8500_10408_9000.jpg,1,0.5116455554962158,246,459,497,474
Line 2_CNav_3000_40000_3500_40500.jpg,1,0.5046975612640381,168,167,498,182
Line 2_CNav_3000_40000_3500_40500.jpg,1,0.5023535490036011,187,171,390,180
Line 2_CNav_3000_40000_3500_40500.jpg,1,0.5002870559692383,209,174,419,183
Line 2_CNav_9000_50000_9500_50500.jpg,1,0.523418128490448,201,370,367,380
Line 2_CNav_6000_13500_6500_14000.jpg,1,0.5246423482894897,256,109,409,118
Line 2_CNav_2500_34500_3000_35000.jpg,1,0.5197901129722595,64,389,407,403
Line 2_CNav_2500_34500_3000_35000.jpg,1,0.5173418521881104,163,176,499,189
Line 2_CNav_9000_46500_9500_47000.jpg,1,0.5556716322898865,123,365,310,375
Line 2_CNav_9000_46500_9500_47000.jpg,1,0.5544139742851257,124,362,329,372
Line 2_CNav_9000_46500_9500_47000.jpg,1,0.5360414385795593,121,363,424,378
Line 2_CNav_9000_46500_9500_47000.jpg,1,0.5145950317382812,84,296,256,306
Line 2_CNav_9000_46500_9500_47000.jpg,1,0.5107881426811218,136,369,308,379
Line 2_CNav_9000_46500_9500_47000.jpg,1,0.5040303468704224,133,28,377,36
Line 2_CNav_9000_37500_9500_38000.jpg,1,0.527909517288208,31,3,309,10
Line 2_CNav_9000_37500_9500_38000.jpg,1,0.5265077948570251,82,0,412,14
Line 2_CNav_9000_37500_9500_38000.jpg,1,0.5131696462631226,150,2,491,17
Line 2_CNav_9000_37500_9500_38000.jpg,1,0.5110976099967957,141,4,369,13
Line 2_CNav_9000_37500_9500_38000.jpg,1,0.5045967698097229,129,1,380,9
Line 2_CNav_7500_38500_8000_39000.jpg,1,0.5258967280387878,119,402,393,417
Line 2_CNav_2000_52500_2500_53000.jpg,1,0.5222170948982239,372,232,499,264
Line 2_CNav_2000_52500_2500_53000.jpg,1,0.5077557563781738,151,76,326,86
Line 2_CNav_4500_32000_5000_32500.jpg,1,0.59861820936203,142,294,393,302
Line 2_CNav_4500_32000_5000_32500.jpg,1,0.5271624326705933,157,308,385,317
Line 2_CNav_4500_32000_5000_32500.jpg,1,0.5263609290122986,134,293,481,307
Line 2_CNav_2000_46000_2500_46500.jpg,1,0.5361663103103638,101,281,251,292
Line 2_CNav_2000_46000_2500_46500.jpg,1,0.532996416091919,184,135,358,145
Line 2_CNav_2000_46000_2500_46500.jpg,1,0.5097575783729553,186,138,354,149
Line 2_CNav_6000_29000_6500_29500.jpg,1,0.5374990105628967,0,498,136,500
Line 2_CNav_7500_8000_8000_8500.jpg,1,0.526061475276947,0,313,236,329
Line 2_CNav_4000_38000_4500_38500.jpg,1,0.5434204339981079,93,82,385,98
Line 2_CNav_7500_10000_8000_10500.jpg,1,0.5749706625938416,108,220,385,234
Line 2_CNav_7000_8500_7500_9000.jpg,1,0.5545072555541992,0,194,222,222
Line 2_CNav_7000_8500_7500_9000.jpg,1,0.5317573547363281,39,204,418,219
Line 2_CNav_7000_8500_7500_9000.jpg,1,0.5234227776527405,103,65,400,81
Line 2_CNav_7000_8500_7500_9000.jpg,1,0.5096035003662109,0,186,413,228
Line 2_CNav_8500_31500_9000_32000.jpg,1,0.5741133093833923,127,352,383,360
Line 2_CNav_8500_31500_9000_32000.jpg,1,0.5168566107749939,111,358,481,373
Line 2_CNav_8500_31500_9000_32000.jpg,1,0.5143312811851501,0,202,357,216
Line 2_CNav_8500_31500_9000_32000.jpg,1,0.5114278197288513,124,12,390,20
Line 2_CNav_8500_39500_9000_40000.jpg,1,0.5800932049751282,96,0,487,28
Line 2_CNav_8500_39500_9000_40000.jpg,1,0.5552224516868591,90,4,485,17
Line 2_CNav_8500_39500_9000_40000.jpg,1,0.5483534336090088,86,8,447,22
Line 2_CNav_3000_51500_3500_52000.jpg,1,0.5769822001457214,2,428,319,441
Line 2_CNav_3000_51500_3500_52000.jpg,1,0.574687659740448,0,440,277,455
Line 2_CNav_3000_51500_3500_52000.jpg,1,0.5295085310935974,0,422,424,466
Line 2_CNav_3000_51500_3500_52000.jpg,1,0.5147303342819214,21,162,364,176
Line 2_CNav_3000_51500_3500_52000.jpg,1,0.511132538318634,49,422,398,435
Line 2_CNav_4000_39500_4500_40000.jpg,1,0.5853599309921265,182,124,409,133
Line 2_CNav_4000_39500_4500_40000.jpg,1,0.5644356608390808,45,115,390,128
Line 2_CNav_4000_39500_4500_40000.jpg,1,0.5535396933555603,49,123,379,137
Line 2_CNav_4000_39500_4500_40000.jpg,1,0.5017151236534119,3,119,267,135
Line 2_CNav_4000_39500_4500_40000.jpg,1,0.500028669834137,51,121,226,130
Line 2_CNav_2000_35000_2500_35500.jpg,1,0.5657303333282471,181,297,498,309
Line 2_CNav_2500_49000_3000_49500.jpg,1,0.5741475820541382,40,231,384,246
Line 2_CNav_2500_49000_3000_49500.jpg,1,0.5394119024276733,132,227,393,235
Line 2_CNav_2500_49000_3000_49500.jpg,1,0.5023193955421448,59,228,456,241
Line 2_CNav_3000_26000_3500_26500.jpg,1,0.5623253583908081,166,145,398,153
Line 2_CNav_8500_1500_9000_2000.jpg,1,0.5125308036804199,137,348,382,356
Line 2_CNav_6500_39500_7000_40000.jpg,1,0.5032610297203064,0,336,104,356
Line 2_CNav_4000_14000_4500_14500.jpg,1,0.5163154602050781,234,2,477,9
Line 2_CNav_8500_16000_9000_16500.jpg,1,0.5208185315132141,182,6,441,13
Line 2_CNav_3000_39000_3500_39500.jpg,1,0.537315309047699,138,186,301,196
Line 2_CNav_4500_9500_5000_10000.jpg,1,0.5105223655700684,95,438,483,451
Line 2_CNav_8000_52000_8500_52500.jpg,1,0.5342697501182556,108,394,460,407
Line 2_CNav_3500_23000_4000_23500.jpg,1,0.5088099837303162,144,157,395,171
Line 2_CNav_3500_1500_4000_2000.jpg,1,0.6071978807449341,3,378,379,392
Line 2_CNav_3500_1500_4000_2000.jpg,1,0.5169947743415833,0,364,338,403
Line 2_CNav_3500_1500_4000_2000.jpg,1,0.509574294090271,131,185,327,194
Line 2_CNav_2500_36000_3000_36500.jpg,1,0.5791531205177307,156,311,404,326
Line 2_CNav_9000_3000_9500_3500.jpg,1,0.5309319496154785,114,14,312,24
Line 2_CNav_7500_34000_8000_34500.jpg,1,0.5366690754890442,3,431,249,447
Line 2_CNav_3500_12500_4000_13000.jpg,1,0.5158472657203674,1,333,267,348
Line 2_CNav_9500_34000_10000_34500.jpg,1,0.532095730304718,145,273,375,282
Line 2_CNav_2500_51000_3000_51500.jpg,1,0.5019024014472961,0,386,285,399
Line 2_CNav_4000_41000_4500_41500.jpg,1,0.5763639807701111,45,225,447,239
Line 2_CNav_4000_41000_4500_41500.jpg,1,0.5019460320472717,40,280,494,322
Line 2_CNav_8000_50000_8500_50500.jpg,1,0.5168275237083435,211,448,402,458
Line 2_CNav_5500_42500_6000_43000.jpg,1,0.5125039219856262,105,427,400,443
Line 2_CNav_7500_21500_8000_22000.jpg,1,0.5042751431465149,139,56,338,73
Line 2_CNav_9908_17000_10408_17500.jpg,1,0.5235967040061951,125,454,345,462
Line 2_CNav_9908_17000_10408_17500.jpg,1,0.5160585045814514,166,466,369,475
Line 2_CNav_9908_17000_10408_17500.jpg,1,0.5040454268455505,97,422,416,437
Line 2_CNav_9500_33000_10000_33500.jpg,1,0.5088010430335999,198,459,379,469
Line 2_CNav_2500_42500_3000_43000.jpg,1,0.5479726195335388,169,280,338,290
Line 2_CNav_2500_42500_3000_43000.jpg,1,0.521797239780426,161,274,359,283
Line 2_CNav_2500_42500_3000_43000.jpg,1,0.5048370957374573,156,376,326,386
Line 2_CNav_2500_42500_3000_43000.jpg,1,0.5001116394996643,136,375,397,383
Line 2_CNav_3500_51000_4000_51500.jpg,1,0.5486685037612915,146,297,499,310
Line 2_CNav_3500_51000_4000_51500.jpg,1,0.5306301116943359,144,302,423,310
Line 2_CNav_3500_51000_4000_51500.jpg,1,0.5230822563171387,165,415,496,429
Line 2_CNav_3500_51000_4000_51500.jpg,1,0.5191971659660339,131,423,368,432
Line 2_CNav_3500_51000_4000_51500.jpg,1,0.5164015889167786,127,299,406,307
Line 2_CNav_3500_51000_4000_51500.jpg,1,0.5145760774612427,132,419,380,427
Line 2_CNav_8000_3500_8500_4000.jpg,1,0.5846365094184875,37,198,323,215
Line 2_CNav_8000_3500_8500_4000.jpg,1,0.5567554235458374,76,202,267,212
Line 2_CNav_8000_3500_8500_4000.jpg,1,0.5398830771446228,74,205,313,214
Line 2_CNav_9908_35500_10408_36000.jpg,1,0.5279803276062012,156,65,417,73
Line 2_CNav_4500_30000_5000_30500.jpg,1,0.5244710445404053,110,11,344,20
Line 2_CNav_4500_30000_5000_30500.jpg,1,0.5110923647880554,94,73,339,82
Line 2_CNav_2500_12000_3000_12500.jpg,1,0.5995829701423645,222,233,391,242
Line 2_CNav_2500_12000_3000_12500.jpg,1,0.5909998416900635,243,444,433,454
Line 2_CNav_2500_12000_3000_12500.jpg,1,0.5663660168647766,211,237,382,247
Line 2_CNav_2500_12000_3000_12500.jpg,1,0.5090894103050232,239,442,439,450
Line 2_CNav_4000_51500_4500_52000.jpg,1,0.548186182975769,31,237,428,250
Line 2_CNav_4000_51500_4500_52000.jpg,1,0.5355406403541565,1,157,269,173
Line 2_CNav_4000_51500_4500_52000.jpg,1,0.5142073035240173,8,154,359,167
Line 2_CNav_4000_51500_4500_52000.jpg,1,0.5031095147132874,142,158,374,167
Line 2_CNav_4000_51500_4500_52000.jpg,1,0.5003078579902649,133,245,396,253
Line 2_CNav_1000_7500_1500_8000.jpg,1,0.5571720004081726,0,498,137,500
Line 2_CNav_9908_23000_10408_23500.jpg,1,0.5152794718742371,133,391,398,406
Line 2_CNav_6500_30500_7000_31000.jpg,1,0.5326263308525085,31,284,304,299
Line 2_CNav_6500_30500_7000_31000.jpg,1,0.5049005746841431,64,290,296,298
Line 2_CNav_6500_36500_7000_37000.jpg,1,0.5029992461204529,0,225,116,245
Line 2_CNav_7500_9000_8000_9500.jpg,1,0.5439940094947815,95,359,487,372
Line 2_CNav_7500_9000_8000_9500.jpg,1,0.5314615368843079,85,347,488,380
Line 2_CNav_9908_49000_10408_49500.jpg,1,0.6174371242523193,114,7,396,14
Line 2_CNav_9908_49000_10408_49500.jpg,1,0.6134801506996155,17,9,394,23
Line 2_CNav_9908_49000_10408_49500.jpg,1,0.5720386505126953,0,0,339,30
Line 2_CNav_9908_13000_10408_13500.jpg,1,0.5468425750732422,164,239,497,252
Line 2_CNav_9000_11500_9500_12000.jpg,1,0.527842104434967,111,107,490,138
Line 2_CNav_9908_34500_10408_35000.jpg,1,0.5600693821907043,111,4,377,12
Line 2_CNav_9908_34500_10408_35000.jpg,1,0.558651864528656,196,53,396,62
Line 2_CNav_9908_34500_10408_35000.jpg,1,0.5523572564125061,126,7,371,16
Line 2_CNav_9908_34500_10408_35000.jpg,1,0.5398780703544617,6,5,339,19
Line 2_CNav_9908_34500_10408_35000.jpg,1,0.5221481919288635,1,0,250,16
Line 2_CNav_9908_34500_10408_35000.jpg,1,0.5200043320655823,163,134,385,143
Line 2_CNav_9908_34500_10408_35000.jpg,1,0.5032073855400085,186,50,393,59
Line 2_CNav_6500_52000_7000_52500.jpg,1,0.5154259204864502,123,148,260,158
Line 2_CNav_3000_36500_3500_37000.jpg,1,0.501419723033905,277,423,421,434
Line 2_CNav_8000_32500_8500_33000.jpg,1,0.5689077377319336,81,15,326,23
Line 2_CNav_8000_32500_8500_33000.jpg,1,0.5064888596534729,0,164,242,181
Line 2_CNav_8500_48000_9000_48500.jpg,1,0.5650733709335327,34,154,424,167
Line 2_CNav_9908_0_10408_500.jpg,1,0.539082944393158,169,110,370,119
Line 2_CNav_9908_0_10408_500.jpg,1,0.5184230804443359,178,106,372,115
Line 2_CNav_9908_40500_10408_41000.jpg,1,0.6125259399414062,130,108,343,117
Line 2_CNav_9908_40500_10408_41000.jpg,1,0.5344343185424805,139,115,343,125
Line 2_CNav_9908_40500_10408_41000.jpg,1,0.5339342951774597,125,113,350,122
Line 2_CNav_9908_40500_10408_41000.jpg,1,0.5127828121185303,138,112,479,126
Line 2_CNav_9000_52500_9500_53000.jpg,1,0.5764127373695374,170,139,329,149
Line 2_CNav_9000_51500_9500_52000.jpg,1,0.6334393620491028,119,3,404,11
Line 2_CNav_9000_51500_9500_52000.jpg,1,0.6104504466056824,24,0,398,15
Line 2_CNav_9000_51500_9500_52000.jpg,1,0.5800353288650513,1,0,379,8
Line 2_CNav_9000_51500_9500_52000.jpg,1,0.5352514386177063,0,4,358,18
Line 2_CNav_9000_51500_9500_52000.jpg,1,0.5258515477180481,0,2,282,9
Line 2_CNav_9000_51500_9500_52000.jpg,1,0.5075074434280396,118,8,366,17
Line 2_CNav_4000_13500_4500_14000.jpg,1,0.5496697425842285,153,368,319,378
Line 2_CNav_4000_13500_4500_14000.jpg,1,0.5291461944580078,226,431,399,441
Line 2_CNav_2500_46000_3000_46500.jpg,1,0.542759120464325,4,242,257,258
Line 2_CNav_2500_46000_3000_46500.jpg,1,0.5098801255226135,1,230,154,259
Line 2_CNav_7000_10500_7500_11000.jpg,1,0.5786889791488647,193,37,385,46
Line 2_CNav_7000_10500_7500_11000.jpg,1,0.5181286334991455,150,0,362,9
Line 2_CNav_3000_9000_3500_9500.jpg,1,0.5624013543128967,114,111,384,126
Line 2_CNav_9908_31000_10408_31500.jpg,1,0.5542968511581421,1,91,275,107
Line 2_CNav_9908_31000_10408_31500.jpg,1,0.5390102863311768,319,256,399,262
Line 2_CNav_9908_31000_10408_31500.jpg,1,0.5139876008033752,146,7,400,15
Line 2_CNav_4000_42500_4500_43000.jpg,1,0.5337227582931519,140,10,328,19
Line 2_CNav_4000_42500_4500_43000.jpg,1,0.5263810753822327,119,6,325,15
Line 2_CNav_3500_14500_4000_15000.jpg,1,0.7047118544578552,0,384,383,398
Line 2_CNav_3500_14500_4000_15000.jpg,1,0.5501852631568909,0,373,247,407
Line 2_CNav_3500_14500_4000_15000.jpg,1,0.5204896330833435,0,362,84,411
Line 2_CNav_3500_14500_4000_15000.jpg,1,0.5168268084526062,37,382,468,395
Line 2_CNav_3000_23500_3500_24000.jpg,1,0.5693714618682861,235,325,421,334
Line 2_CNav_3500_34500_4000_35000.jpg,1,0.6270318031311035,33,274,410,287
Line 2_CNav_3500_34500_4000_35000.jpg,1,0.5887184739112854,114,301,425,317
Line 2_CNav_3500_34500_4000_35000.jpg,1,0.5758798718452454,110,124,352,132
Line 2_CNav_3500_34500_4000_35000.jpg,1,0.5210246443748474,110,120,385,128
Line 2_CNav_3500_34500_4000_35000.jpg,1,0.5104148387908936,18,389,375,403
Line 2_CNav_9908_23500_10408_24000.jpg,1,0.5492518544197083,102,302,406,317
Line 2_CNav_9908_23500_10408_24000.jpg,1,0.5104016065597534,212,355,388,365
Line 2_CNav_9908_23500_10408_24000.jpg,1,0.5076687932014465,100,427,393,442
Line 2_CNav_8500_6000_9000_6500.jpg,1,0.5089756846427917,130,129,437,144
Line 2_CNav_4000_16500_4500_17000.jpg,1,0.5018051266670227,198,336,366,346
Line 2_CNav_6000_43500_6500_44000.jpg,1,0.5006714463233948,128,403,395,416
Line 2_CNav_9908_47000_10408_47500.jpg,1,0.5428177118301392,9,273,327,286
Line 2_CNav_9908_47000_10408_47500.jpg,1,0.5009783506393433,62,118,399,132
Line 2_CNav_2500_39500_3000_40000.jpg,1,0.6230106353759766,190,132,387,142
Line 2_CNav_2500_39500_3000_40000.jpg,1,0.6017658114433289,191,129,378,138
Line 2_CNav_2500_39500_3000_40000.jpg,1,0.5593776702880859,136,171,298,181
Line 2_CNav_2500_39500_3000_40000.jpg,1,0.5502223968505859,189,135,372,145
Line 2_CNav_2500_39500_3000_40000.jpg,1,0.5348791480064392,225,388,419,398
Line 2_CNav_2500_39500_3000_40000.jpg,1,0.5257629156112671,2,313,234,342
Line 2_CNav_2500_39500_3000_40000.jpg,1,0.5213422775268555,0,315,287,332
Line 2_CNav_2500_39500_3000_40000.jpg,1,0.5071801543235779,150,127,401,144
Line 2_CNav_4500_7000_5000_7500.jpg,1,0.5452495813369751,141,473,393,482
Line 2_CNav_4500_7000_5000_7500.jpg,1,0.5391088724136353,0,471,298,486
Line 2_CNav_1500_52000_2000_52500.jpg,1,0.5279555916786194,155,273,411,289
Line 2_CNav_9908_51500_10408_52000.jpg,1,0.5024056434631348,158,133,342,142
Line 2_CNav_9908_35000_10408_35500.jpg,1,0.5329147577285767,197,99,386,109
Line 2_CNav_2500_35000_3000_35500.jpg,1,0.5207228064537048,6,299,305,314
Line 2_CNav_8000_44000_8500_44500.jpg,1,0.5951944589614868,56,292,447,306
Line 2_CNav_8000_44000_8500_44500.jpg,1,0.5697268843650818,116,291,353,299
Line 2_CNav_8000_44000_8500_44500.jpg,1,0.5315364003181458,65,280,492,323
Line 2_CNav_8000_44000_8500_44500.jpg,1,0.5140882134437561,68,103,223,114
Line 2_CNav_8000_44000_8500_44500.jpg,1,0.5129806399345398,80,297,406,311
Line 2_CNav_8000_44000_8500_44500.jpg,1,0.5102114677429199,59,288,390,302
Line 2_CNav_1000_48500_1500_49000.jpg,1,0.5388210415840149,176,104,334,114
Line 2_CNav_8500_52500_9000_53000.jpg,1,0.5417064428329468,219,458,406,467
Line 2_CNav_8500_52500_9000_53000.jpg,1,0.5227910280227661,303,291,477,302
Line 2_CNav_9500_9500_10000_10000.jpg,1,0.5618302822113037,117,78,399,92
Line 2_CNav_9500_9500_10000_10000.jpg,1,0.5124744176864624,74,7,339,14
Line 2_CNav_1000_41000_1500_41500.jpg,1,0.5161319971084595,58,35,222,45
Line 2_CNav_9908_43500_10408_44000.jpg,1,0.5088685154914856,242,451,374,463
Line 2_CNav_8000_51500_8500_52000.jpg,1,0.5548271536827087,0,87,409,129
Line 2_CNav_8000_51500_8500_52000.jpg,1,0.5475844144821167,0,398,327,411
Line 2_CNav_8000_51500_8500_52000.jpg,1,0.5194381475448608,125,400,466,413
Line 2_CNav_8000_51500_8500_52000.jpg,1,0.518501341342926,36,405,298,413
Line 2_CNav_8000_51500_8500_52000.jpg,1,0.5005528926849365,128,403,360,412
Line 2_CNav_2500_5500_3000_6000.jpg,1,0.5323789119720459,111,430,336,438
Line 2_CNav_2500_5500_3000_6000.jpg,1,0.5274876952171326,19,428,348,442
Line 2_CNav_2500_5500_3000_6000.jpg,1,0.5197026133537292,15,417,403,430
Line 2_CNav_2500_5500_3000_6000.jpg,1,0.5025072693824768,0,112,151,144
Line 2_CNav_3000_7000_3500_7500.jpg,1,0.5516768097877502,118,198,319,207
Line 2_CNav_6000_41000_6500_41500.jpg,1,0.5379225611686707,206,35,364,45
Line 2_CNav_2000_34500_2500_35000.jpg,1,0.5425532460212708,9,468,400,482
Line 2_CNav_2000_34500_2500_35000.jpg,1,0.5213411450386047,3,470,291,487
Line 2_CNav_3500_52500_4000_53000.jpg,1,0.528849184513092,205,193,381,203
Line 2_CNav_3500_52500_4000_53000.jpg,1,0.5243117809295654,165,291,379,300
Line 2_CNav_4000_49000_4500_49500.jpg,1,0.5766799449920654,16,469,417,482
Line 2_CNav_4000_49000_4500_49500.jpg,1,0.5442122220993042,2,373,308,386
Line 2_CNav_9908_6500_10408_7000.jpg,1,0.5241984128952026,1,259,273,275
Line 2_CNav_9908_6500_10408_7000.jpg,1,0.5119167566299438,154,226,396,234
Line 2_CNav_1500_49500_2000_50000.jpg,1,0.5593058466911316,0,498,139,500
Line 2_CNav_6500_39000_7000_39500.jpg,1,0.5525539517402649,86,311,254,322
Line 2_CNav_8500_21000_9000_21500.jpg,1,0.574261486530304,188,82,498,96
Line 2_CNav_8500_21000_9000_21500.jpg,1,0.5265207290649414,208,83,411,92
Line 2_CNav_8500_21000_9000_21500.jpg,1,0.517755389213562,218,78,424,87
Line 2_CNav_7500_47000_8000_47500.jpg,1,0.5419009923934937,48,104,492,147
Line 2_CNav_7500_47000_8000_47500.jpg,1,0.5262270569801331,94,118,473,133
Line 2_CNav_7500_47000_8000_47500.jpg,1,0.5237780809402466,106,110,346,118
Line 2_CNav_8000_25000_8500_25500.jpg,1,0.5290221571922302,11,339,337,352
Line 2_CNav_8000_25000_8500_25500.jpg,1,0.5222241878509521,30,344,239,353
Line 2_CNav_8000_25000_8500_25500.jpg,1,0.511529266834259,86,344,322,352
Line 2_CNav_9908_43000_10408_43500.jpg,1,0.5769534111022949,1,272,320,285
Line 2_CNav_9908_43000_10408_43500.jpg,1,0.5203285813331604,8,276,402,289
Line 2_CNav_9500_33500_10000_34000.jpg,1,0.5254522562026978,230,10,397,20
Line 2_CNav_9500_33500_10000_34000.jpg,1,0.5106446743011475,214,4,406,13
Line 2_CNav_9908_36500_10408_37000.jpg,1,0.53177410364151,1,19,273,33
Line 2_CNav_9500_14500_10000_15000.jpg,1,0.5226796865463257,251,270,358,275
Line 2_CNav_9500_14500_10000_15000.jpg,1,0.5223718881607056,254,272,366,277
Line 2_CNav_1000_2500_1500_3000.jpg,1,0.5136845707893372,0,498,135,500
Line 2_CNav_4000_0_4500_500.jpg,1,0.5940619111061096,158,73,356,82
Line 2_CNav_4000_0_4500_500.jpg,1,0.548742413520813,2,228,244,243
Line 2_CNav_4500_11500_5000_12000.jpg,1,0.5161299109458923,82,161,391,175
Line 2_CNav_8000_51000_8500_51500.jpg,1,0.6040416359901428,130,383,389,391
Line 2_CNav_8000_51000_8500_51500.jpg,1,0.5433894395828247,189,143,370,153
Line 2_CNav_8000_51000_8500_51500.jpg,1,0.5283018946647644,70,379,401,393
Line 2_CNav_8000_51000_8500_51500.jpg,1,0.5164698958396912,162,428,363,437
Line 2_CNav_8000_51000_8500_51500.jpg,1,0.5045149326324463,123,379,385,387
Line 2_CNav_9000_4000_9500_4500.jpg,1,0.5267455577850342,182,227,360,237
Line 2_CNav_9000_4000_9500_4500.jpg,1,0.5163027048110962,191,230,362,241
Line 2_CNav_3000_25500_3500_26000.jpg,1,0.5104199647903442,140,179,312,189
Line 2_CNav_7000_40500_7500_41000.jpg,1,0.5623430609703064,0,18,373,32
Line 2_CNav_9000_42500_9500_43000.jpg,1,0.6165857911109924,141,282,498,295
Line 2_CNav_9000_42500_9500_43000.jpg,1,0.5927419662475586,162,276,494,291
Line 2_CNav_9000_42500_9500_43000.jpg,1,0.5768653750419617,0,280,315,294
Line 2_CNav_9000_42500_9500_43000.jpg,1,0.575874924659729,147,291,371,301
Line 2_CNav_9000_42500_9500_43000.jpg,1,0.5699855089187622,120,288,384,297
Line 2_CNav_9000_42500_9500_43000.jpg,1,0.5511401891708374,158,108,387,117
Line 2_CNav_9000_42500_9500_43000.jpg,1,0.5364991426467896,125,284,420,292
Line 2_CNav_9000_42500_9500_43000.jpg,1,0.5317794680595398,24,285,318,292
Line 2_CNav_9000_42500_9500_43000.jpg,1,0.5132960081100464,7,437,406,449
Line 2_CNav_9000_42500_9500_43000.jpg,1,0.5117658972740173,148,105,339,114
Line 2_CNav_9000_42500_9500_43000.jpg,1,0.5097315907478333,162,287,428,295
Line 2_CNav_3500_47500_4000_48000.jpg,1,0.5215097069740295,152,114,337,124
Line 2_CNav_2000_45000_2500_45500.jpg,1,0.5002266764640808,0,454,123,474
Line 2_CNav_8500_46500_9000_47000.jpg,1,0.5230108499526978,1,251,322,264
Line 2_CNav_3500_36500_4000_37000.jpg,1,0.6169527769088745,95,9,401,16
Line 2_CNav_3500_36500_4000_37000.jpg,1,0.6146042346954346,0,411,319,424
Line 2_CNav_3500_36500_4000_37000.jpg,1,0.6005714535713196,33,0,466,34
Line 2_CNav_3500_36500_4000_37000.jpg,1,0.5726399421691895,64,12,305,20
Line 2_CNav_3500_36500_4000_37000.jpg,1,0.5561813712120056,27,9,376,23
Line 2_CNav_3500_36500_4000_37000.jpg,1,0.5474526882171631,111,13,411,21
Line 2_CNav_3500_36500_4000_37000.jpg,1,0.5336370468139648,22,16,438,29
Line 2_CNav_3500_36500_4000_37000.jpg,1,0.5308477282524109,55,270,427,284
Line 2_CNav_3500_36500_4000_37000.jpg,1,0.5177683234214783,30,386,491,428
Line 2_CNav_3500_36500_4000_37000.jpg,1,0.5056043267250061,0,24,321,38
Line 2_CNav_3500_36500_4000_37000.jpg,1,0.5043298006057739,105,415,398,423
Line 2_CNav_8000_0_8500_500.jpg,1,0.5240583419799805,108,202,378,215
Line 2_CNav_7000_41500_7500_42000.jpg,1,0.5737199783325195,119,453,369,461
Line 2_CNav_7000_41500_7500_42000.jpg,1,0.5340359807014465,124,450,369,458
Line 2_CNav_4500_33000_5000_33500.jpg,1,0.524431586265564,59,10,384,25
Line 2_CNav_4500_4000_5000_4500.jpg,1,0.5605937838554382,208,358,391,368
Line 2_CNav_9908_3500_10408_4000.jpg,1,0.6234663128852844,27,406,404,420
Line 2_CNav_9908_3500_10408_4000.jpg,1,0.5346494913101196,239,317,420,326
Line 2_CNav_9908_3500_10408_4000.jpg,1,0.5298804640769958,87,415,395,423
Line 2_CNav_9908_3500_10408_4000.jpg,1,0.5190441012382507,225,311,392,322
Line 2_CNav_4500_35500_5000_36000.jpg,1,0.5117185115814209,2,224,297,239
Line 2_CNav_4500_35500_5000_36000.jpg,1,0.5058566331863403,69,349,323,357
Line 2_CNav_4500_35500_5000_36000.jpg,1,0.5022482872009277,112,346,369,355
Line 2_CNav_2000_51000_2500_51500.jpg,1,0.6091826558113098,0,257,404,270
Line 2_CNav_2000_51000_2500_51500.jpg,1,0.6063446402549744,0,254,223,283
Line 2_CNav_2000_51000_2500_51500.jpg,1,0.6051121950149536,95,337,487,351
Line 2_CNav_2000_51000_2500_51500.jpg,1,0.5763534903526306,0,239,394,284
Line 2_CNav_2000_51000_2500_51500.jpg,1,0.5120962858200073,2,317,434,360
Line 2_CNav_2000_51000_2500_51500.jpg,1,0.5029014348983765,0,267,389,278
Line 2_CNav_8500_5000_9000_5500.jpg,1,0.5322443246841431,127,5,302,15
Line 2_CNav_8000_7000_8500_7500.jpg,1,0.518459677696228,0,143,311,156
Line 2_CNav_8000_7000_8500_7500.jpg,1,0.5105091333389282,1,137,287,150
Line 2_CNav_3000_47500_3500_48000.jpg,1,0.597862720489502,7,10,427,22
Line 2_CNav_3000_47500_3500_48000.jpg,1,0.5876646041870117,0,62,316,76
Line 2_CNav_3000_47500_3500_48000.jpg,1,0.5787980556488037,6,15,388,28
Line 2_CNav_3000_47500_3500_48000.jpg,1,0.5757459402084351,10,0,431,34
Line 2_CNav_3000_47500_3500_48000.jpg,1,0.5519862771034241,0,67,363,80
Line 2_CNav_3000_47500_3500_48000.jpg,1,0.5485233664512634,71,7,489,20
Line 2_CNav_3000_47500_3500_48000.jpg,1,0.5180776119232178,75,34,327,42
Line 2_CNav_3000_47500_3500_48000.jpg,1,0.5049237608909607,39,14,300,23
Line 2_CNav_3000_47500_3500_48000.jpg,1,0.5037992596626282,50,307,296,315
Line 2_CNav_1000_34000_1500_34500.jpg,1,0.5083833336830139,125,260,393,274
Line 2_CNav_4500_52500_5000_53000.jpg,1,0.6070047616958618,51,378,364,393
Line 2_CNav_4500_52500_5000_53000.jpg,1,0.5097863674163818,153,388,355,398
Line 2_CNav_4500_52500_5000_53000.jpg,1,0.5082875490188599,124,395,333,405
Line 2_CNav_2000_30000_2500_30500.jpg,1,0.6515114903450012,100,44,395,58
Line 2_CNav_2000_30000_2500_30500.jpg,1,0.5242785215377808,162,130,367,139
Line 2_CNav_2000_30000_2500_30500.jpg,1,0.5132527947425842,265,339,434,349
Line 2_CNav_9000_9000_9500_9500.jpg,1,0.5548341870307922,1,168,310,182
Line 2_CNav_9000_9000_9500_9500.jpg,1,0.5320771932601929,89,279,429,293
Line 2_CNav_2500_53000_3000_53500.jpg,1,0.5241912603378296,142,36,356,50
Line 2_CNav_9000_38500_9500_39000.jpg,1,0.5968871712684631,47,418,473,431
Line 2_CNav_9000_38500_9500_39000.jpg,1,0.5505583882331848,161,426,423,434
Line 2_CNav_9000_38500_9500_39000.jpg,1,0.5379123091697693,159,411,498,425
Line 2_CNav_9000_38500_9500_39000.jpg,1,0.5310114026069641,91,406,492,442
Line 2_CNav_9500_50500_10000_51000.jpg,1,0.5427080988883972,73,283,391,296
Line 2_CNav_9500_50500_10000_51000.jpg,1,0.5027604103088379,0,215,82,264
Line 2_CNav_4500_34000_5000_34500.jpg,1,0.6612597703933716,0,341,332,355
Line 2_CNav_4500_34000_5000_34500.jpg,1,0.5525381565093994,1,401,286,415
Line 2_CNav_4500_34000_5000_34500.jpg,1,0.5164470672607422,131,2,359,10
Line 2_CNav_8000_37000_8500_37500.jpg,1,0.5587158203125,159,327,496,341
Line 2_CNav_8000_37000_8500_37500.jpg,1,0.5503243803977966,0,100,317,112
Line 2_CNav_8000_37000_8500_37500.jpg,1,0.5451475977897644,110,54,240,65
Line 2_CNav_8000_37000_8500_37500.jpg,1,0.5445548295974731,144,334,409,342
Line 2_CNav_8000_37000_8500_37500.jpg,1,0.5290959477424622,116,45,260,57
Line 2_CNav_8000_37000_8500_37500.jpg,1,0.5067622065544128,0,89,260,120
Line 2_CNav_8000_37000_8500_37500.jpg,1,0.5052270889282227,121,54,218,59
Line 2_CNav_1000_9500_1500_10000.jpg,1,0.5312650203704834,0,498,136,500
Line 2_CNav_3000_42000_3500_42500.jpg,1,0.5154427886009216,247,332,400,344
Line 2_CNav_4500_500_5000_1000.jpg,1,0.5947787761688232,45,0,421,34
Line 2_CNav_4500_500_5000_1000.jpg,1,0.5613535642623901,9,9,421,22
Line 2_CNav_4500_500_5000_1000.jpg,1,0.5128241777420044,141,344,340,353
Line 2_CNav_4500_500_5000_1000.jpg,1,0.5011135935783386,35,17,384,32
Line 2_CNav_8500_40500_9000_41000.jpg,1,0.5174302458763123,1,237,264,252
Line 2_CNav_4500_25500_5000_26000.jpg,1,0.5154834985733032,2,31,268,47
Line 2_CNav_8000_36500_8500_37000.jpg,1,0.5380871891975403,58,434,270,443
Line 2_CNav_2500_15000_3000_15500.jpg,1,0.5755701661109924,138,234,346,242
Line 2_CNav_2500_15000_3000_15500.jpg,1,0.5626264214515686,133,231,358,240
Line 2_CNav_2500_15000_3000_15500.jpg,1,0.5487395524978638,222,458,495,472
Line 2_CNav_2500_15000_3000_15500.jpg,1,0.5369812250137329,64,23,241,32
Line 2_CNav_2500_15000_3000_15500.jpg,1,0.5283036231994629,148,227,350,236
Line 2_CNav_2500_15000_3000_15500.jpg,1,0.5113947987556458,236,461,460,470
Line 2_CNav_6500_14500_7000_15000.jpg,1,0.6054587960243225,198,384,347,394
Line 2_CNav_6500_14500_7000_15000.jpg,1,0.5960559248924255,162,155,337,164
Line 2_CNav_9908_7000_10408_7500.jpg,1,0.5327966809272766,64,396,453,409
Line 2_CNav_9908_7000_10408_7500.jpg,1,0.5078195333480835,2,393,326,406
Line 2_CNav_2000_42500_2500_43000.jpg,1,0.6146392226219177,0,137,404,181
Line 2_CNav_2000_42500_2500_43000.jpg,1,0.5809752345085144,0,143,311,156
Line 2_CNav_2000_42500_2500_43000.jpg,1,0.5534138679504395,30,150,461,163
Line 2_CNav_2000_42500_2500_43000.jpg,1,0.5273578763008118,121,146,420,154
Line 2_CNav_2000_42500_2500_43000.jpg,1,0.5044164657592773,130,142,412,150
Line 2_CNav_2000_42500_2500_43000.jpg,1,0.5033795237541199,53,129,488,163
Line 2_CNav_9000_39500_9500_40000.jpg,1,0.6875956654548645,113,190,399,204
Line 2_CNav_2000_47000_2500_47500.jpg,1,0.5204073786735535,4,418,239,434
Line 2_CNav_3000_5500_3500_6000.jpg,1,0.5472912192344666,89,182,399,196
Line 2_CNav_4000_50500_4500_51000.jpg,1,0.5313518047332764,0,159,73,205
Line 2_CNav_2000_5500_2500_6000.jpg,1,0.5479069352149963,0,0,332,29
Line 2_CNav_2000_5500_2500_6000.jpg,1,0.522498369216919,0,8,313,23
Line 2_CNav_3000_24500_3500_25000.jpg,1,0.6407492756843567,239,3,446,12
Line 2_CNav_3000_24500_3500_25000.jpg,1,0.5937623381614685,215,1,478,17
Line 2_CNav_3000_24500_3500_25000.jpg,1,0.5191270709037781,131,331,327,340
Line 2_CNav_9000_36500_9500_37000.jpg,1,0.5047895908355713,108,285,273,295
Line 2_CNav_3500_31000_4000_31500.jpg,1,0.5555960536003113,25,8,371,23
Line 2_CNav_3500_31000_4000_31500.jpg,1,0.5432303547859192,4,0,344,26
Line 2_CNav_3500_31000_4000_31500.jpg,1,0.5054214596748352,196,400,386,410
Line 2_CNav_7000_45500_7500_46000.jpg,1,0.500598132610321,97,122,310,138
Line 2_CNav_8500_42500_9000_43000.jpg,1,0.5931171774864197,237,328,456,337
Line 2_CNav_8500_42500_9000_43000.jpg,1,0.5875719785690308,203,323,496,338
Line 2_CNav_8500_42500_9000_43000.jpg,1,0.5672452449798584,223,325,441,334
Line 2_CNav_8500_42500_9000_43000.jpg,1,0.5326663255691528,187,112,366,122
Line 2_CNav_8500_42500_9000_43000.jpg,1,0.531975507736206,242,40,443,49
Line 2_CNav_8500_42500_9000_43000.jpg,1,0.5038021206855774,171,108,383,117
Line 2_CNav_7500_37000_8000_37500.jpg,1,0.5460293889045715,79,418,401,432
Line 2_CNav_7500_37000_8000_37500.jpg,1,0.5285945534706116,41,338,426,351
Line 2_CNav_7500_37000_8000_37500.jpg,1,0.5177483558654785,129,423,370,432
Line 2_CNav_7500_37000_8000_37500.jpg,1,0.5127655863761902,153,419,390,427
Line 2_CNav_9000_34500_9500_35000.jpg,1,0.5369874238967896,136,193,312,203
Line 2_CNav_9000_34500_9500_35000.jpg,1,0.5007199048995972,159,465,414,482
Line 2_CNav_9500_35500_10000_36000.jpg,1,0.5037956237792969,19,249,373,263
Line 2_CNav_9500_35500_10000_36000.jpg,1,0.5031459331512451,115,346,421,362
Line 2_CNav_7500_50500_8000_51000.jpg,1,0.5464627742767334,77,0,424,10
Line 2_CNav_7500_50500_8000_51000.jpg,1,0.5450668931007385,137,284,416,299
Line 2_CNav_7500_50500_8000_51000.jpg,1,0.5067358613014221,120,64,402,79
Line 2_CNav_1000_52000_1500_52500.jpg,1,0.5513695478439331,139,275,303,285
Line 2_CNav_1000_52000_1500_52500.jpg,1,0.5305889844894409,140,271,309,281
Line 2_CNav_1000_52000_1500_52500.jpg,1,0.5060731172561646,0,123,134,143
Line 2_CNav_1000_26000_1500_26500.jpg,1,0.5313830375671387,242,193,363,197
Line 2_CNav_1000_26000_1500_26500.jpg,1,0.5282326936721802,238,190,350,195
Line 2_CNav_4000_37500_4500_38000.jpg,1,0.532116711139679,149,320,456,335
Line 2_CNav_6000_40000_6500_40500.jpg,1,0.5517392158508301,0,276,90,302
Line 2_CNav_6000_40000_6500_40500.jpg,1,0.523917019367218,271,182,424,193
Line 2_CNav_4500_5500_5000_6000.jpg,1,0.5338391661643982,115,7,328,15
Line 2_CNav_4000_14500_4500_15000.jpg,1,0.5291836857795715,206,13,405,22
Line 2_CNav_2000_37000_2500_37500.jpg,1,0.5675226449966431,4,38,289,56
Line 2_CNav_2000_37000_2500_37500.jpg,1,0.5028298497200012,25,49,270,58
Line 2_CNav_6500_46000_7000_46500.jpg,1,0.5181984901428223,0,398,107,418
Line 2_CNav_2500_39000_3000_39500.jpg,1,0.5898081064224243,188,351,364,361
Line 2_CNav_9500_11500_10000_12000.jpg,1,0.5343641042709351,129,267,405,282
Line 2_CNav_6000_5000_6500_5500.jpg,1,0.5177412629127502,190,172,352,182
Line 2_CNav_3000_500_3500_1000.jpg,1,0.5134211778640747,35,365,399,380
Line 2_CNav_9000_43000_9500_43500.jpg,1,0.5031153559684753,133,107,390,124
Line 2_CNav_1500_12000_2000_12500.jpg,1,0.5668424367904663,189,412,355,423
Line 2_CNav_1500_12000_2000_12500.jpg,1,0.5126191973686218,167,411,448,428
Line 2_CNav_3000_15000_3500_15500.jpg,1,0.5305725336074829,186,194,279,199
Line 2_CNav_4000_35500_4500_36000.jpg,1,0.5004274845123291,21,179,405,193
Line 2_CNav_8500_35500_9000_36000.jpg,1,0.6629133820533752,41,0,427,16
Line 2_CNav_8500_35500_9000_36000.jpg,1,0.5640145540237427,3,7,385,20
Line 2_CNav_8500_35500_9000_36000.jpg,1,0.5104991793632507,3,0,331,30
Line 2_CNav_9908_9000_10408_9500.jpg,1,0.6134706139564514,127,10,371,19
Line 2_CNav_1500_47500_2000_48000.jpg,1,0.522729218006134,136,272,285,282
Line 2_CNav_1500_47500_2000_48000.jpg,1,0.5103343725204468,115,269,273,279
Line 2_CNav_4500_9000_5000_9500.jpg,1,0.5146342515945435,168,436,381,445
Line 2_CNav_8500_51000_9000_51500.jpg,1,0.670842707157135,3,278,420,292
Line 2_CNav_8500_51000_9000_51500.jpg,1,0.5551136136054993,0,271,249,302
Line 2_CNav_8500_51000_9000_51500.jpg,1,0.5501862168312073,7,427,403,441
Line 2_CNav_8500_51000_9000_51500.jpg,1,0.5491422414779663,131,286,387,295
Line 2_CNav_8500_51000_9000_51500.jpg,1,0.5237112641334534,0,423,308,438
Line 2_CNav_8500_51000_9000_51500.jpg,1,0.5031424760818481,45,283,465,295
Line 2_CNav_7000_48500_7500_49000.jpg,1,0.5215822458267212,0,92,105,110
Line 2_CNav_8500_51500_9000_52000.jpg,1,0.5307926535606384,108,382,438,395
Line 2_CNav_8500_51500_9000_52000.jpg,1,0.5215235948562622,16,109,412,122
Line 2_CNav_8500_51500_9000_52000.jpg,1,0.5156806111335754,135,106,401,114
Line 2_CNav_8500_51500_9000_52000.jpg,1,0.5011277198791504,61,390,304,399
Line 2_CNav_8500_51500_9000_52000.jpg,1,0.5000517964363098,34,384,299,392
Line 2_CNav_1500_42000_2000_42500.jpg,1,0.6042449474334717,113,2,278,12
Line 2_CNav_1500_42000_2000_42500.jpg,1,0.5505991578102112,191,245,361,255
Line 2_CNav_1500_42000_2000_42500.jpg,1,0.5099811553955078,321,333,494,343
Line 2_CNav_4500_38000_5000_38500.jpg,1,0.5292664170265198,112,250,265,261
Line 2_CNav_4000_20500_4500_21000.jpg,1,0.5345709323883057,98,158,370,173
Line 2_CNav_4500_25000_5000_25500.jpg,1,0.5655142068862915,138,203,400,219
Line 2_CNav_4500_25000_5000_25500.jpg,1,0.5182271599769592,151,204,313,214
Line 2_CNav_4500_25000_5000_25500.jpg,1,0.5005241632461548,98,291,266,301
Line 2_CNav_2000_48500_2500_49000.jpg,1,0.6082482933998108,60,245,483,279
Line 2_CNav_3500_25000_4000_25500.jpg,1,0.5338702201843262,230,413,401,423
Line 2_CNav_4500_36500_5000_37000.jpg,1,0.5440292358398438,159,173,392,182
Line 2_CNav_4500_36500_5000_37000.jpg,1,0.5081360936164856,111,24,335,32
Line 2_CNav_4000_39000_4500_39500.jpg,1,0.6107572317123413,103,317,482,330
Line 2_CNav_4000_39000_4500_39500.jpg,1,0.5075379610061646,135,325,387,333
Line 2_CNav_4000_39000_4500_39500.jpg,1,0.5062118172645569,146,322,414,330
Line 2_CNav_3000_28500_3500_29000.jpg,1,0.5260465741157532,198,110,492,143
Line 2_CNav_9908_33000_10408_33500.jpg,1,0.5760132670402527,45,212,426,226
Line 2_CNav_9908_33000_10408_33500.jpg,1,0.5486818552017212,109,216,379,224
Line 2_CNav_9908_33000_10408_33500.jpg,1,0.5035858154296875,102,221,364,230
Line 2_CNav_7500_47500_8000_48000.jpg,1,0.5399324893951416,0,292,246,324
Line 2_CNav_3000_29500_3500_30000.jpg,1,0.5247513055801392,202,103,392,113
Line 2_CNav_3000_29500_3500_30000.jpg,1,0.5064511895179749,212,107,403,117
Line 2_CNav_3000_29500_3500_30000.jpg,1,0.5040324926376343,92,60,459,75
Line 2_CNav_8500_48500_9000_49000.jpg,1,0.5750946402549744,0,160,412,204
Line 2_CNav_8500_48500_9000_49000.jpg,1,0.5749855637550354,0,175,423,187
Line 2_CNav_8500_48500_9000_49000.jpg,1,0.5395042300224304,297,122,461,132
Line 2_CNav_8500_48500_9000_49000.jpg,1,0.5168697834014893,0,177,284,193
Line 2_CNav_9908_16000_10408_16500.jpg,1,0.5596175789833069,0,193,318,205
Line 2_CNav_9908_16000_10408_16500.jpg,1,0.525468111038208,112,195,367,204
Line 2_CNav_6500_41500_7000_42000.jpg,1,0.5142872333526611,133,52,298,62
Line 2_CNav_2500_23000_3000_23500.jpg,1,0.5767322182655334,128,167,337,182
Line 2_CNav_2500_23000_3000_23500.jpg,1,0.5050713419914246,143,163,354,178
Line 2_CNav_9000_16000_9500_16500.jpg,1,0.5117692947387695,228,9,441,18
Line 2_CNav_4500_39000_5000_39500.jpg,1,0.5847019553184509,105,280,422,293
Line 2_CNav_4500_39000_5000_39500.jpg,1,0.5546471476554871,180,339,352,350
Line 2_CNav_4500_39000_5000_39500.jpg,1,0.5188627243041992,174,344,344,354
Line 2_CNav_4500_39000_5000_39500.jpg,1,0.5021140575408936,140,186,318,195
Line 2_CNav_4000_33500_4500_34000.jpg,1,0.524269163608551,3,119,351,132
Line 2_CNav_4000_33500_4500_34000.jpg,1,0.5208473205566406,41,116,393,128
Line 2_CNav_2000_21500_2500_22000.jpg,1,0.5859194993972778,274,242,427,253
Line 2_CNav_2000_21500_2500_22000.jpg,1,0.5574603080749512,201,348,368,358
Line 2_CNav_2000_21500_2500_22000.jpg,1,0.5442874431610107,117,305,399,320
Line 2_CNav_9908_52500_10408_53000.jpg,1,0.7007743120193481,0,275,403,288
Line 2_CNav_9908_52500_10408_53000.jpg,1,0.5468252897262573,0,272,334,283
Line 2_CNav_9908_52500_10408_53000.jpg,1,0.5405291318893433,0,254,397,300
Line 2_CNav_4000_7500_4500_8000.jpg,1,0.52931809425354,92,116,386,131
Line 2_CNav_2000_36000_2500_36500.jpg,1,0.5488942861557007,120,369,252,382
Line 2_CNav_2000_36000_2500_36500.jpg,1,0.5132226347923279,215,385,494,418
Line 2_CNav_7000_46000_7500_46500.jpg,1,0.5124891996383667,194,283,344,293
Line 2_CNav_9000_48000_9500_48500.jpg,1,0.5252183675765991,113,234,352,243
Line 2_CNav_3000_51000_3500_51500.jpg,1,0.5328226685523987,198,287,494,299
Line 2_CNav_9908_44500_10408_45000.jpg,1,0.5997148752212524,102,333,367,341
Line 2_CNav_9908_44500_10408_45000.jpg,1,0.5916455388069153,108,330,370,338
Line 2_CNav_9908_44500_10408_45000.jpg,1,0.5544986128807068,51,328,428,341
Line 2_CNav_9908_44500_10408_45000.jpg,1,0.5032922029495239,88,328,302,337
Line 2_CNav_9000_40000_9500_40500.jpg,1,0.5467709898948669,137,169,337,178
Line 2_CNav_9000_40000_9500_40500.jpg,1,0.5167942047119141,0,459,238,489
Line 2_CNav_9000_40000_9500_40500.jpg,1,0.5099077224731445,130,165,335,174
Line 2_CNav_7000_45000_7500_45500.jpg,1,0.6203372478485107,155,2,333,11
Line 2_CNav_7000_45000_7500_45500.jpg,1,0.6149882674217224,173,162,342,172
Line 2_CNav_7000_45000_7500_45500.jpg,1,0.6120164394378662,181,158,351,168
Line 2_CNav_7000_45000_7500_45500.jpg,1,0.5915942788124084,128,155,380,172
Line 2_CNav_7000_45000_7500_45500.jpg,1,0.5836880207061768,188,89,364,99
Line 2_CNav_7000_45000_7500_45500.jpg,1,0.5594923496246338,159,166,373,174
Line 2_CNav_7000_45000_7500_45500.jpg,1,0.5561050176620483,178,155,349,164
Line 2_CNav_7000_45000_7500_45500.jpg,1,0.5318018198013306,181,148,346,157
Line 2_CNav_7000_45000_7500_45500.jpg,1,0.5231456756591797,191,92,360,102
Line 2_CNav_7000_45000_7500_45500.jpg,1,0.514334499835968,171,5,340,15
Line 2_CNav_3500_52000_4000_52500.jpg,1,0.5573398470878601,106,10,364,18
Line 2_CNav_3500_52000_4000_52500.jpg,1,0.5335212349891663,125,7,371,15
Line 2_CNav_3500_52000_4000_52500.jpg,1,0.5050049424171448,111,320,406,337
Line 2_CNav_3500_33000_4000_33500.jpg,1,0.5332707166671753,71,207,328,215
Line 2_CNav_3500_33000_4000_33500.jpg,1,0.5261191129684448,0,201,285,218
Line 2_CNav_3500_33000_4000_33500.jpg,1,0.5244196057319641,11,197,224,207
Line 2_CNav_6000_50000_6500_50500.jpg,1,0.5152093768119812,0,498,137,500
Line 2_CNav_3500_38000_4000_38500.jpg,1,0.5343427062034607,1,189,290,202
Line 2_CNav_3500_38000_4000_38500.jpg,1,0.5109235048294067,164,194,403,202
Line 2_CNav_2500_40500_3000_41000.jpg,1,0.5411417484283447,201,43,411,52
Line 2_CNav_8500_15000_9000_15500.jpg,1,0.5466594099998474,118,63,418,75
Line 2_CNav_9908_53000_10408_53500.jpg,1,0.5659496784210205,209,216,381,226
Line 2_CNav_9908_53000_10408_53500.jpg,1,0.5322680473327637,172,151,392,160
Line 2_CNav_9908_53000_10408_53500.jpg,1,0.52570641040802,191,234,383,243
Line 2_CNav_9908_53000_10408_53500.jpg,1,0.5157303214073181,175,154,387,164
Line 2_CNav_9908_53000_10408_53500.jpg,1,0.5031962394714355,165,148,389,157
Line 2_CNav_4500_4500_5000_5000.jpg,1,0.5690072178840637,64,2,360,10
Line 2_CNav_8500_29500_9000_30000.jpg,1,0.6054965853691101,2,350,264,365
Line 2_CNav_4500_14500_5000_15000.jpg,1,0.5067565441131592,0,76,410,118
Line 2_CNav_3000_27500_3500_28000.jpg,1,0.5181974172592163,0,457,439,500
Line 2_CNav_3000_27500_3500_28000.jpg,1,0.5169937014579773,62,467,330,475
Line 2_CNav_3000_27500_3500_28000.jpg,1,0.5113585591316223,10,466,423,479
Line 2_CNav_2500_10500_3000_11000.jpg,1,0.5624222159385681,0,347,233,366
Line 2_CNav_8000_38000_8500_38500.jpg,1,0.6064831614494324,0,277,324,289
Line 2_CNav_8000_38000_8500_38500.jpg,1,0.5755442380905151,204,122,384,132
Line 2_CNav_8000_38000_8500_38500.jpg,1,0.5309374332427979,2,286,269,294
Line 2_CNav_8000_38000_8500_38500.jpg,1,0.5285779237747192,17,288,283,296
Line 2_CNav_8000_38000_8500_38500.jpg,1,0.5167704224586487,191,126,400,134
Line 2_CNav_6500_37000_7000_37500.jpg,1,0.512901782989502,101,67,275,76
Line 2_CNav_6500_37000_7000_37500.jpg,1,0.5036082863807678,175,313,347,323
Line 2_CNav_9908_42500_10408_43000.jpg,1,0.6224175691604614,105,333,340,341
Line 2_CNav_9908_42500_10408_43000.jpg,1,0.6171166300773621,105,331,350,338
Line 2_CNav_9908_42500_10408_43000.jpg,1,0.5630927085876465,82,325,429,338
Line 2_CNav_9908_42500_10408_43000.jpg,1,0.5350997447967529,166,395,351,405
Line 2_CNav_9000_36000_9500_36500.jpg,1,0.5413186550140381,125,9,358,18
Line 2_CNav_2000_12500_2500_13000.jpg,1,0.5357269644737244,114,252,286,262
Line 2_CNav_8000_33500_8500_34000.jpg,1,0.5068883895874023,0,28,406,70
Line 2_CNav_1000_16500_1500_17000.jpg,1,0.5282692313194275,0,498,74,499
Line 2_CNav_4500_47000_5000_47500.jpg,1,0.7079612016677856,123,405,399,413
Line 2_CNav_4500_47000_5000_47500.jpg,1,0.6088642477989197,180,410,392,420
Line 2_CNav_4500_47000_5000_47500.jpg,1,0.6005131006240845,1,396,339,412
Line 2_CNav_4500_47000_5000_47500.jpg,1,0.5676838755607605,104,396,368,404
Line 2_CNav_4500_47000_5000_47500.jpg,1,0.5537932515144348,126,401,425,408
Line 2_CNav_4500_47000_5000_47500.jpg,1,0.548322856426239,104,396,479,409
Line 2_CNav_4500_47000_5000_47500.jpg,1,0.5471162796020508,94,404,492,417
Line 2_CNav_4500_47000_5000_47500.jpg,1,0.53289395570755,83,385,490,423
Line 2_CNav_4500_47000_5000_47500.jpg,1,0.5103538036346436,152,317,376,325
Line 2_CNav_9500_52500_10000_53000.jpg,1,0.5944957733154297,129,330,425,345
Line 2_CNav_9500_52500_10000_53000.jpg,1,0.5917680263519287,182,338,337,349
Line 2_CNav_9500_52500_10000_53000.jpg,1,0.5672783851623535,145,276,401,294
Line 2_CNav_9500_52500_10000_53000.jpg,1,0.5577713847160339,142,336,404,353
Line 2_CNav_9500_52500_10000_53000.jpg,1,0.5452985167503357,161,275,299,286
Line 2_CNav_9500_52500_10000_53000.jpg,1,0.5209457874298096,207,189,371,199
Line 2_CNav_9500_52500_10000_53000.jpg,1,0.5198501944541931,112,272,392,288
Line 2_CNav_9500_52500_10000_53000.jpg,1,0.50333172082901,194,276,348,287
Line 2_CNav_2500_51500_3000_52000.jpg,1,0.5005703568458557,111,132,334,141
Line 2_CNav_2500_12500_3000_13000.jpg,1,0.6040555834770203,0,345,424,389
Line 2_CNav_2500_12500_3000_13000.jpg,1,0.5839228630065918,0,356,222,386
Line 2_CNav_2500_12500_3000_13000.jpg,1,0.5498806238174438,0,22,96,71
Line 2_CNav_2500_12500_3000_13000.jpg,1,0.5440897941589355,2,345,327,358
Line 2_CNav_2500_12500_3000_13000.jpg,1,0.5028495192527771,0,36,127,57
Line 2_CNav_2500_12500_3000_13000.jpg,1,0.502658486366272,0,358,284,372
Line 2_CNav_9908_24500_10408_25000.jpg,1,0.5010271668434143,167,231,397,239
Line 2_CNav_8500_45000_9000_45500.jpg,1,0.5327333807945251,213,193,409,202
Line 2_CNav_8500_45000_9000_45500.jpg,1,0.5142501592636108,182,191,492,204
Line 2_CNav_8500_45000_9000_45500.jpg,1,0.5112192034721375,210,185,494,217
Line 2_CNav_8500_45000_9000_45500.jpg,1,0.5106934309005737,146,233,313,243
Line 2_CNav_8500_45000_9000_45500.jpg,1,0.5002567768096924,148,229,328,239
Line 2_CNav_7500_42000_8000_42500.jpg,1,0.5938730835914612,151,83,337,92
Line 2_CNav_7500_42000_8000_42500.jpg,1,0.5776742100715637,153,86,326,96
Line 2_CNav_7500_42000_8000_42500.jpg,1,0.550277590751648,93,432,359,441
Line 2_CNav_7500_42000_8000_42500.jpg,1,0.5307368040084839,184,333,342,343
Line 2_CNav_7500_42000_8000_42500.jpg,1,0.5276811718940735,95,440,357,447
Line 2_CNav_7500_42000_8000_42500.jpg,1,0.5260590314865112,89,436,359,443
Line 2_CNav_7500_42000_8000_42500.jpg,1,0.5168545842170715,61,418,427,429
Line 2_CNav_7500_42000_8000_42500.jpg,1,0.5136547088623047,250,10,425,20
Line 2_CNav_8500_6500_9000_7000.jpg,1,0.588994562625885,115,105,340,114
Line 2_CNav_8500_6500_9000_7000.jpg,1,0.5863702297210693,129,103,361,111
Line 2_CNav_8500_6500_9000_7000.jpg,1,0.5226274132728577,142,109,357,118
Line 2_CNav_2500_31500_3000_32000.jpg,1,0.534125566482544,132,5,382,14
Line 2_CNav_2500_31500_3000_32000.jpg,1,0.5301759839057922,115,2,385,20
Line 2_CNav_9908_19500_10408_20000.jpg,1,0.5659398436546326,143,13,376,21
Line 2_CNav_9908_19500_10408_20000.jpg,1,0.5347504019737244,142,6,382,13
Line 2_CNav_9908_19500_10408_20000.jpg,1,0.5011168122291565,177,2,404,10
Line 2_CNav_7000_2000_7500_2500.jpg,1,0.6320835947990417,145,107,391,115
Line 2_CNav_7000_2000_7500_2500.jpg,1,0.5921342372894287,159,111,390,119
Line 2_CNav_7000_2000_7500_2500.jpg,1,0.571916937828064,150,113,348,117
Line 2_CNav_7000_2000_7500_2500.jpg,1,0.5208031535148621,104,107,371,122
Line 2_CNav_7000_2000_7500_2500.jpg,1,0.5103681087493896,127,110,299,121
Line 2_CNav_8000_2500_8500_3000.jpg,1,0.5561109185218811,128,433,354,442
Line 2_CNav_9908_1000_10408_1500.jpg,1,0.5333582758903503,129,1,424,8
Line 2_CNav_4500_43000_5000_43500.jpg,1,0.5126715302467346,0,277,309,290
Line 2_CNav_9000_21500_9500_22000.jpg,1,0.5505165457725525,5,142,311,157
Line 2_CNav_4000_34500_4500_35000.jpg,1,0.5046006441116333,131,66,324,75
Line 2_CNav_3000_21500_3500_22000.jpg,1,0.5385257601737976,1,423,88,472
Line 2_CNav_9500_32500_10000_33000.jpg,1,0.5340952277183533,190,188,499,201
Line 2_CNav_9500_32500_10000_33000.jpg,1,0.5316840410232544,237,129,464,138
Line 2_CNav_4500_21500_5000_22000.jpg,1,0.5283559560775757,1,45,268,60
Line 2_CNav_9908_40000_10408_40500.jpg,1,0.528084397315979,227,84,490,100
Line 2_CNav_9908_40000_10408_40500.jpg,1,0.5072079300880432,208,95,278,102
Line 2_CNav_9908_40000_10408_40500.jpg,1,0.506365180015564,191,230,390,240
Line 2_CNav_9908_40000_10408_40500.jpg,1,0.5025598406791687,138,290,314,300
Line 2_CNav_9908_40000_10408_40500.jpg,1,0.5023054480552673,142,34,386,43
Line 2_CNav_7500_11500_8000_12000.jpg,1,0.5559168457984924,94,91,303,100
Line 2_CNav_7500_11500_8000_12000.jpg,1,0.5105966925621033,95,86,297,94
Line 2_CNav_7500_11500_8000_12000.jpg,1,0.5020950436592102,135,13,301,23
Line 2_CNav_2500_46500_3000_47000.jpg,1,0.6010690927505493,119,124,362,133
Line 2_CNav_2500_46500_3000_47000.jpg,1,0.5779354572296143,116,122,463,135
Line 2_CNav_2500_46500_3000_47000.jpg,1,0.5300796627998352,2,118,263,133
Line 2_CNav_2500_46500_3000_47000.jpg,1,0.517422080039978,118,128,340,137
Line 2_CNav_1500_32500_2000_33000.jpg,1,0.6238236427307129,135,414,405,431
Line 2_CNav_1500_32500_2000_33000.jpg,1,0.5259794592857361,145,417,423,425
Line 2_CNav_1500_32500_2000_33000.jpg,1,0.5231794714927673,150,420,399,429
Line 2_CNav_6000_1500_6500_2000.jpg,1,0.5501562356948853,0,498,137,500
Line 2_CNav_4000_1000_4500_1500.jpg,1,0.5243018865585327,100,151,261,161
Line 2_CNav_3500_39500_4000_40000.jpg,1,0.5181154608726501,0,467,252,484
Line 2_CNav_8000_43000_8500_43500.jpg,1,0.6620049476623535,19,31,389,45
Line 2_CNav_8000_43000_8500_43500.jpg,1,0.5684254765510559,20,219,374,233
Line 2_CNav_8000_43000_8500_43500.jpg,1,0.5671576857566833,118,225,378,233
Line 2_CNav_8000_43000_8500_43500.jpg,1,0.551094114780426,88,223,396,231
Line 2_CNav_8000_43000_8500_43500.jpg,1,0.5210521817207336,54,224,294,232
Line 2_CNav_8000_43000_8500_43500.jpg,1,0.5169152021408081,3,38,389,51
Line 2_CNav_8500_12000_9000_12500.jpg,1,0.6156310439109802,190,404,369,414
Line 2_CNav_7500_36500_8000_37000.jpg,1,0.5509064197540283,184,255,379,264
Line 2_CNav_7500_36500_8000_37000.jpg,1,0.546667218208313,160,253,491,266
Line 2_CNav_7500_36500_8000_37000.jpg,1,0.5243492126464844,186,426,500,440
Line 2_CNav_6500_29500_7000_30000.jpg,1,0.5904449820518494,3,141,261,157
Line 2_CNav_6500_29500_7000_30000.jpg,1,0.5610725283622742,0,125,316,164
Line 2_CNav_6500_29500_7000_30000.jpg,1,0.5235170722007751,23,143,231,152
Line 2_CNav_9500_34500_10000_35000.jpg,1,0.564424455165863,105,388,390,403
Line 2_CNav_9500_34500_10000_35000.jpg,1,0.5369657278060913,232,50,400,60
Line 2_CNav_4500_43500_5000_44000.jpg,1,0.50171959400177,162,357,395,366
Line 2_CNav_8000_35500_8500_36000.jpg,1,0.5139169096946716,191,252,493,283
Line 2_CNav_2000_38500_2500_39000.jpg,1,0.5781135559082031,121,196,392,211
Line 2_CNav_9908_37500_10408_38000.jpg,1,0.5123130083084106,1,58,255,75
Line 2_CNav_6500_40500_7000_41000.jpg,1,0.5317074656486511,220,68,435,76
Line 2_CNav_4000_12500_4500_13000.jpg,1,0.5336939096450806,102,84,395,99
Line 2_CNav_9500_44500_10000_45000.jpg,1,0.5022459626197815,116,379,311,387
Line 2_CNav_8000_46500_8500_47000.jpg,1,0.5748300552368164,136,251,281,262
Line 2_CNav_8000_46500_8500_47000.jpg,1,0.559171199798584,119,393,297,403
Line 2_CNav_8000_46500_8500_47000.jpg,1,0.5145039558410645,154,395,329,405
Line 2_CNav_9908_47500_10408_48000.jpg,1,0.5164177417755127,24,14,351,28
Line 2_CNav_6000_20000_6500_20500.jpg,1,0.5302057862281799,0,498,137,499
Line 2_CNav_8500_39000_9000_39500.jpg,1,0.5496556162834167,116,132,361,140
Line 2_CNav_8500_39000_9000_39500.jpg,1,0.5407464504241943,112,129,306,138
Line 2_CNav_8500_39000_9000_39500.jpg,1,0.5328919887542725,89,129,385,144
Line 2_CNav_8500_39000_9000_39500.jpg,1,0.5065014958381653,94,123,425,136
Line 2_CNav_8500_39000_9000_39500.jpg,1,0.503553569316864,106,126,297,135
Line 2_CNav_7500_0_8000_500.jpg,1,0.6010845899581909,119,222,376,237
Line 2_CNav_2500_28500_3000_29000.jpg,1,0.5060111880302429,99,51,491,82
Line 2_CNav_9908_32000_10408_32500.jpg,1,0.5017127394676208,183,405,369,414
Line 2_CNav_9500_38500_10000_39000.jpg,1,0.5416391491889954,90,102,403,117
Line 2_CNav_9500_38500_10000_39000.jpg,1,0.5253821611404419,197,352,383,362
Line 2_CNav_9500_38500_10000_39000.jpg,1,0.5212664604187012,115,197,278,207
Line 2_CNav_7500_41000_8000_41500.jpg,1,0.5184428095817566,0,395,160,426
Line 2_CNav_9500_47500_10000_48000.jpg,1,0.5110539793968201,211,26,355,37
Line 2_CNav_6500_41000_7000_41500.jpg,1,0.6216320991516113,1,323,285,336
Line 2_CNav_6500_41000_7000_41500.jpg,1,0.5754390954971313,0,332,261,347
Line 2_CNav_6500_41000_7000_41500.jpg,1,0.5048621892929077,0,328,319,340
Line 2_CNav_9500_5000_10000_5500.jpg,1,0.5012339353561401,147,10,335,19
Line 2_CNav_9000_37000_9500_37500.jpg,1,0.512887716293335,89,144,374,160
Line 2_CNav_3500_53000_4000_53500.jpg,1,0.5188655853271484,125,54,302,63
Line 2_CNav_3500_53000_4000_53500.jpg,1,0.51669842004776,97,53,385,67
Line 2_CNav_8500_5500_9000_6000.jpg,1,0.5236285328865051,23,285,366,299
Line 2_CNav_8500_33000_9000_33500.jpg,1,0.5139791369438171,229,285,402,295
Line 2_CNav_3500_37000_4000_37500.jpg,1,0.628538191318512,96,4,402,12
Line 2_CNav_3500_37000_4000_37500.jpg,1,0.5557356476783752,195,159,366,169
Line 2_CNav_3500_37000_4000_37500.jpg,1,0.5103642344474792,25,95,383,110
Line 2_CNav_7500_44000_8000_44500.jpg,1,0.511461615562439,178,177,410,194
Line 2_CNav_7500_44000_8000_44500.jpg,1,0.5053171515464783,129,183,382,198
Line 2_CNav_8000_12500_8500_13000.jpg,1,0.5604270100593567,81,378,482,392
Line 2_CNav_8000_12500_8500_13000.jpg,1,0.5564499497413635,106,368,490,403
Line 2_CNav_9000_6000_9500_6500.jpg,1,0.5369532108306885,169,433,365,442
Line 2_CNav_9000_6000_9500_6500.jpg,1,0.5214892625808716,124,427,418,442
Line 2_CNav_2000_3500_2500_4000.jpg,1,0.5620414614677429,130,212,292,223
Line 2_CNav_2000_3500_2500_4000.jpg,1,0.5605279803276062,9,435,224,453
Line 2_CNav_2000_3500_2500_4000.jpg,1,0.5591205954551697,48,442,221,453
Line 2_CNav_2000_3500_2500_4000.jpg,1,0.5396597981452942,229,99,411,109
Line 2_CNav_2000_3500_2500_4000.jpg,1,0.5320780277252197,227,97,434,106
Line 2_CNav_9500_36500_10000_37000.jpg,1,0.6404545903205872,115,287,314,296
Line 2_CNav_9500_36500_10000_37000.jpg,1,0.630068838596344,106,280,421,295
Line 2_CNav_9500_36500_10000_37000.jpg,1,0.5984359383583069,89,196,393,211
Line 2_CNav_9500_36500_10000_37000.jpg,1,0.51352459192276,92,300,401,315
Line 2_CNav_8500_2500_9000_3000.jpg,1,0.5071271657943726,125,403,415,418
Line 2_CNav_3500_41500_4000_42000.jpg,1,0.5026160478591919,157,295,397,303
Line 2_CNav_8000_23500_8500_24000.jpg,1,0.6468494534492493,104,244,291,254
Line 2_CNav_8000_23500_8500_24000.jpg,1,0.5552578568458557,105,239,289,248
Line 2_CNav_8000_23500_8500_24000.jpg,1,0.5300458073616028,63,240,334,255
Line 2_CNav_8500_38000_9000_38500.jpg,1,0.5860735774040222,151,394,400,402
Line 2_CNav_8500_38000_9000_38500.jpg,1,0.558069109916687,150,398,398,406
Line 2_CNav_8500_38000_9000_38500.jpg,1,0.5299638509750366,36,394,406,408
Line 2_CNav_8500_38000_9000_38500.jpg,1,0.5174703001976013,1,334,315,347
Line 2_CNav_8500_38000_9000_38500.jpg,1,0.5102196931838989,179,125,495,139
Line 2_CNav_8500_38000_9000_38500.jpg,1,0.5076253414154053,28,342,411,355
Line 2_CNav_8500_38000_9000_38500.jpg,1,0.5027504563331604,216,124,391,134
Line 2_CNav_8500_38000_9000_38500.jpg,1,0.5026304721832275,34,347,416,361
Line 2_CNav_8500_8000_9000_8500.jpg,1,0.5695699453353882,2,408,257,425
Line 2_CNav_8500_8000_9000_8500.jpg,1,0.5675736665725708,132,119,403,134
Line 2_CNav_8500_8000_9000_8500.jpg,1,0.5210689902305603,34,414,410,427
Line 2_CNav_8000_10500_8500_11000.jpg,1,0.5605397820472717,111,93,318,102
Line 2_CNav_4500_3500_5000_4000.jpg,1,0.5001354217529297,101,393,375,408
Line 2_CNav_3000_30500_3500_31000.jpg,1,0.5117514729499817,72,27,337,34
Line 2_CNav_4500_32500_5000_33000.jpg,1,0.5784067511558533,205,415,393,424
Line 2_CNav_6500_52500_7000_53000.jpg,1,0.54680335521698,130,340,371,348
Line 2_CNav_7000_35000_7500_35500.jpg,1,0.5699410438537598,110,357,368,373
Line 2_CNav_7000_35000_7500_35500.jpg,1,0.5104058384895325,0,89,237,122
Line 2_CNav_6000_15500_6500_16000.jpg,1,0.5046284198760986,241,123,396,133
Line 2_CNav_1500_14000_2000_14500.jpg,1,0.5310044884681702,309,0,497,14
Line 2_CNav_3000_52500_3500_53000.jpg,1,0.5359264016151428,127,289,414,305
Line 2_CNav_3000_52500_3500_53000.jpg,1,0.5200857520103455,343,371,487,382
Line 2_CNav_3000_52500_3500_53000.jpg,1,0.5042673945426941,169,10,418,26
Line 2_CNav_3000_52500_3500_53000.jpg,1,0.5021572709083557,191,104,367,114
Line 2_CNav_9000_30500_9500_31000.jpg,1,0.5966243743896484,114,7,339,16
Line 2_CNav_9000_30500_9500_31000.jpg,1,0.5364124774932861,109,44,399,59
Line 2_CNav_9000_30500_9500_31000.jpg,1,0.5251467823982239,115,163,359,172
Line 2_CNav_2500_24500_3000_25000.jpg,1,0.5392162799835205,122,41,405,55
Line 2_CNav_2000_39000_2500_39500.jpg,1,0.5494768619537354,121,53,359,70
Line 2_CNav_2000_39000_2500_39500.jpg,1,0.5097970962524414,148,255,340,264
Line 2_CNav_5000_45000_5500_45500.jpg,1,0.5089132785797119,288,408,500,424
Line 2_CNav_9500_31000_10000_31500.jpg,1,0.5080205202102661,115,197,489,212
Line 2_CNav_2000_40000_2500_40500.jpg,1,0.6045446991920471,108,251,372,258
Line 2_CNav_2000_40000_2500_40500.jpg,1,0.5882951021194458,67,251,394,265
Line 2_CNav_2000_40000_2500_40500.jpg,1,0.5763939023017883,234,362,421,372
Line 2_CNav_2000_40000_2500_40500.jpg,1,0.5600779056549072,114,256,395,264
Line 2_CNav_2000_40000_2500_40500.jpg,1,0.5355885624885559,58,242,488,278
Line 2_CNav_2000_40000_2500_40500.jpg,1,0.5160150527954102,73,255,458,268
Line 2_CNav_2000_40000_2500_40500.jpg,1,0.5019369721412659,76,254,360,262
Line 2_CNav_4500_40500_5000_41000.jpg,1,0.5073679685592651,160,253,346,263
Line 2_CNav_3500_40500_4000_41000.jpg,1,0.5535939931869507,133,265,373,273
Line 2_CNav_4000_52500_4500_53000.jpg,1,0.5034608244895935,188,215,500,229
Line 2_CNav_8500_52000_9000_52500.jpg,1,0.5847280025482178,79,10,393,24
Line 2_CNav_8500_52000_9000_52500.jpg,1,0.5539995431900024,133,14,397,21
Line 2_CNav_8500_52000_9000_52500.jpg,1,0.5232218503952026,103,10,300,20
Line 2_CNav_8500_52000_9000_52500.jpg,1,0.5221934914588928,35,0,434,32
Line 2_CNav_8500_52000_9000_52500.jpg,1,0.5182704329490662,110,8,372,15
Line 2_CNav_8500_52000_9000_52500.jpg,1,0.5034434199333191,75,413,377,428
Line 2_CNav_7500_51500_8000_52000.jpg,1,0.5147541165351868,273,193,450,203
Line 2_CNav_8500_11500_9000_12000.jpg,1,0.5887544751167297,133,395,349,403
Line 2_CNav_8500_11500_9000_12000.jpg,1,0.5331698656082153,125,403,366,411
